,UniqueID,airline,origin,destination,departure_time,Arrival_time,price,flights,DepartureDate,SearchDate
0,1_2025-11-15_2025-10-03,UA,IAH,LAX,2025-11-15 16:30:00,2025-11-15 18:10:00,107.64,['1743'],2025-11-15,2025-10-03
1,1_2025-11-15_2025-10-04,UA,IAH,LAX,2025-11-15 16:30:00,2025-11-15 18:10:00,77.56,['1743'],2025-11-15,2025-10-04
2,1_2025-11-15_2025-10-05,UA,IAH,LAX,2025-11-15 16:30:00,2025-11-15 18:10:00,77.56,['1743'],2025-11-15,2025-10-05
3,1_2025-11-16_2025-10-03,UA,IAH,LAX,2025-11-16 22:00:00,2025-11-16 23:24:00,107.64,['1851'],2025-11-16,2025-10-03
4,1_2025-11-16_2025-10-04,UA,IAH,LAX,2025-11-16 22:00:00,2025-11-16 23:24:00,77.56,['1851'],2025-11-16,2025-10-04
5,1_2025-11-16_2025-10-05,UA,IAH,LAX,2025-11-16 22:00:00,2025-11-16 23:24:00,77.56,['1851'],2025-11-16,2025-10-05
6,1_2025-11-17_2025-10-03,UA,IAH,LAX,2025-11-17 12:00:00,2025-11-17 13:45:00,116.24,['2460'],2025-11-17,2025-10-03
7,1_2025-11-17_2025-10-04,UA,IAH,LAX,2025-11-17 12:00:00,2025-11-17 13:45:00,116.26,['2460'],2025-11-17,2025-10-04
8,1_2025-11-17_2025-10-05,UA,IAH,LAX,2025-11-17 12:00:00,2025-11-17 13:45:00,116.26,['2460'],2025-11-17,2025-10-05
9,1_2025-11-18_2025-10-03,UA,IAH,LAX,2025-11-18 16:30:00,2025-11-18 18:10:00,107.64,['1743'],2025-11-18,2025-10-03
10,1_2025-11-18_2025-10-04,UA,IAH,LAX,2025-11-18 16:30:00,2025-11-18 18:10:00,77.56,['1743'],2025-11-18,2025-10-04
11,1_2025-11-18_2025-10-05,UA,IAH,LAX,2025-11-18 16:30:00,2025-11-18 18:10:00,77.56,['1743'],2025-11-18,2025-10-05
12,1_2025-11-19_2025-10-03,UA,IAH,LAX,2025-11-19 16:30:00,2025-11-19 18:10:00,107.64,['1743'],2025-11-19,2025-10-03
13,1_2025-11-19_2025-10-04,UA,IAH,LAX,2025-11-19 16:30:00,2025-11-19 18:10:00,77.56,['1743'],2025-11-19,2025-10-04
14,1_2025-11-19_2025-10-05,UA,IAH,LAX,2025-11-19 16:30:00,2025-11-19 18:10:00,77.56,['1743'],2025-11-19,2025-10-05
15,1_2025-11-20_2025-10-03,AS,IAH,ONT,2025-11-20 07:35:00,2025-11-20 15:12:00,147.09,"['453', '1118']",2025-11-20,2025-10-03
16,1_2025-11-20_2025-10-04,AS,IAH,ONT,2025-11-20 07:35:00,2025-11-20 15:12:00,147.12,"['453', '1118']",2025-11-20,2025-10-04
17,1_2025-11-20_2025-10-05,AS,IAH,ONT,2025-11-20 07:35:00,2025-11-20 15:12:00,147.12,"['453', '1118']",2025-11-20,2025-10-05
18,1_2025-11-21_2025-10-03,F9,IAH,LAX,2025-11-21 10:56:00,2025-11-21 12:42:00,157.09,['1755'],2025-11-21,2025-10-03
19,1_2025-11-21_2025-10-04,F9,IAH,LAX,2025-11-21 10:56:00,2025-11-21 12:42:00,157.11,['1755'],2025-11-21,2025-10-04
20,1_2025-11-21_2025-10-05,F9,IAH,LAX,2025-11-21 10:56:00,2025-11-21 12:42:00,157.11,['1755'],2025-11-21,2025-10-05
21,1_2025-11-22_2025-10-03,F9,IAH,LAX,2025-11-22 10:56:00,2025-11-22 12:42:00,157.09,['1755'],2025-11-22,2025-10-03
22,1_2025-11-22_2025-10-04,F9,IAH,LAX,2025-11-22 10:56:00,2025-11-22 12:42:00,157.11,['1755'],2025-11-22,2025-10-04
23,1_2025-11-22_2025-10-05,F9,IAH,LAX,2025-11-22 10:56:00,2025-11-22 12:42:00,157.11,['1755'],2025-11-22,2025-10-05
24,1_2025-11-23_2025-10-03,F9,IAH,LAX,2025-11-23 10:56:00,2025-11-23 12:42:00,157.09,['1755'],2025-11-23,2025-10-03
25,1_2025-11-23_2025-10-04,F9,IAH,LAX,2025-11-23 10:56:00,2025-11-23 12:42:00,157.11,['1755'],2025-11-23,2025-10-04
26,1_2025-11-23_2025-10-05,F9,IAH,LAX,2025-11-23 10:56:00,2025-11-23 12:42:00,157.11,['1755'],2025-11-23,2025-10-05
27,1_2025-11-24_2025-10-03,UA,IAH,LAX,2025-11-24 22:14:00,2025-11-24 23:59:00,107.64,['1851'],2025-11-24,2025-10-03
28,1_2025-11-24_2025-10-04,UA,IAH,LAX,2025-11-24 22:14:00,2025-11-24 23:59:00,107.66,['1851'],2025-11-24,2025-10-04
29,1_2025-11-24_2025-10-05,UA,IAH,LAX,2025-11-24 22:14:00,2025-11-24 23:59:00,107.66,['1851'],2025-11-24,2025-10-05
30,1_2025-11-25_2025-10-03,AS,IAH,ONT,2025-11-25 07:35:00,2025-11-25 15:12:00,136.34,"['453', '1118']",2025-11-25,2025-10-03
31,1_2025-11-25_2025-10-04,AS,IAH,ONT,2025-11-25 07:35:00,2025-11-25 15:12:00,136.37,"['453', '1118']",2025-11-25,2025-10-04
32,1_2025-11-25_2025-10-05,AS,IAH,ONT,2025-11-25 07:35:00,2025-11-25 15:12:00,136.37,"['453', '1118']",2025-11-25,2025-10-05
33,1_2025-11-26_2025-10-03,AS,IAH,ONT,2025-11-26 07:35:00,2025-11-26 15:12:00,136.34,"['453', '1118']",2025-11-26,2025-10-03
34,1_2025-11-26_2025-10-04,AS,IAH,ONT,2025-11-26 07:35:00,2025-11-26 15:12:00,136.37,"['453', '1118']",2025-11-26,2025-10-04
35,1_2025-11-26_2025-10-05,AS,IAH,ONT,2025-11-26 07:35:00,2025-11-26 15:12:00,136.37,"['453', '1118']",2025-11-26,2025-10-05
36,1_2025-11-27_2025-10-03,UA,IAH,LAX,2025-11-27 09:40:00,2025-11-27 11:25:00,135.59,['469'],2025-11-27,2025-10-03
37,1_2025-11-27_2025-10-04,UA,IAH,LAX,2025-11-27 09:40:00,2025-11-27 11:25:00,135.61,['469'],2025-11-27,2025-10-04
38,1_2025-11-27_2025-10-05,UA,IAH,LAX,2025-11-27 09:40:00,2025-11-27 11:25:00,107.66,['469'],2025-11-27,2025-10-05
39,1_2025-11-28_2025-10-03,UA,IAH,LAX,2025-11-28 09:40:00,2025-11-28 11:25:00,140.97,['469'],2025-11-28,2025-10-03
40,1_2025-11-28_2025-10-04,UA,IAH,LAX,2025-11-28 16:30:00,2025-11-28 18:10:00,140.99,['1743'],2025-11-28,2025-10-04
41,1_2025-11-28_2025-10-05,UA,IAH,LAX,2025-11-28 16:30:00,2025-11-28 18:10:00,140.99,['1743'],2025-11-28,2025-10-05
42,1_2025-11-29_2025-10-03,AS,IAH,ONT,2025-11-29 07:35:00,2025-11-29 15:12:00,136.34,"['453', '1118']",2025-11-29,2025-10-03
43,1_2025-11-29_2025-10-04,AS,IAH,ONT,2025-11-29 07:35:00,2025-11-29 15:12:00,136.37,"['453', '1118']",2025-11-29,2025-10-04
44,1_2025-11-29_2025-10-05,AS,IAH,ONT,2025-11-29 07:35:00,2025-11-29 15:12:00,136.37,"['453', '1118']",2025-11-29,2025-10-05
45,1_2025-11-30_2025-10-03,F9,IAH,LAX,2025-11-30 10:56:00,2025-11-30 12:42:00,168.92,['1755'],2025-11-30,2025-10-03
46,1_2025-11-30_2025-10-04,F9,IAH,LAX,2025-11-30 10:56:00,2025-11-30 12:42:00,168.94,['1755'],2025-11-30,2025-10-04
47,1_2025-11-30_2025-10-05,F9,IAH,LAX,2025-11-30 10:56:00,2025-11-30 12:42:00,168.94,['1755'],2025-11-30,2025-10-05
48,1_2025-12-01_2025-10-03,AS,IAH,ONT,2025-12-01 07:35:00,2025-12-01 15:12:00,147.09,"['453', '1118']",2025-12-01,2025-10-03
49,1_2025-12-01_2025-10-04,AS,IAH,ONT,2025-12-01 07:35:00,2025-12-01 15:12:00,147.12,"['453', '1118']",2025-12-01,2025-10-04
50,1_2025-12-01_2025-10-05,AS,IAH,ONT,2025-12-01 07:35:00,2025-12-01 15:12:00,147.12,"['453', '1118']",2025-12-01,2025-10-05
51,1_2025-12-02_2025-10-03,AS,IAH,LAX,2025-12-02 17:54:00,2025-12-02 23:59:00,119.14,"['1421', '1291']",2025-12-02,2025-10-03
52,1_2025-12-02_2025-10-04,AS,IAH,LAX,2025-12-02 17:54:00,2025-12-02 23:59:00,119.17,"['1421', '1291']",2025-12-02,2025-10-04
53,1_2025-12-02_2025-10-05,AS,IAH,LAX,2025-12-02 17:54:00,2025-12-02 23:59:00,119.17,"['1421', '1291']",2025-12-02,2025-10-05
54,1_2025-12-03_2025-10-03,UA,IAH,LAX,2025-12-03 05:42:00,2025-12-03 07:30:00,107.64,['2431'],2025-12-03,2025-10-03
55,1_2025-12-03_2025-10-04,UA,IAH,LAX,2025-12-03 05:42:00,2025-12-03 07:30:00,77.56,['2431'],2025-12-03,2025-10-04
56,1_2025-12-03_2025-10-05,UA,IAH,LAX,2025-12-03 05:42:00,2025-12-03 07:30:00,77.56,['2431'],2025-12-03,2025-10-05
57,1_2025-12-04_2025-10-03,UA,IAH,LAX,2025-12-04 14:30:00,2025-12-04 16:15:00,107.64,['1945'],2025-12-04,2025-10-03
58,1_2025-12-04_2025-10-04,AS,IAH,LAX,2025-12-04 17:54:00,2025-12-04 23:59:00,92.29,"['1421', '1291']",2025-12-04,2025-10-04
59,1_2025-12-04_2025-10-05,AS,IAH,LAX,2025-12-04 17:54:00,2025-12-04 23:59:00,92.29,"['1421', '1291']",2025-12-04,2025-10-05
60,1_2025-12-05_2025-10-03,UA,IAH,LAX,2025-12-05 16:30:00,2025-12-05 18:10:00,116.24,['1743'],2025-12-05,2025-10-03
61,1_2025-12-05_2025-10-04,UA,IAH,LAX,2025-12-05 16:30:00,2025-12-05 18:10:00,116.26,['1743'],2025-12-05,2025-10-04
62,1_2025-12-05_2025-10-05,UA,IAH,LAX,2025-12-05 16:30:00,2025-12-05 18:10:00,116.26,['1743'],2025-12-05,2025-10-05
63,1_2025-12-06_2025-10-03,UA,IAH,LAX,2025-12-06 16:30:00,2025-12-06 18:10:00,107.64,['1743'],2025-12-06,2025-10-03
64,1_2025-12-06_2025-10-04,UA,IAH,LAX,2025-12-06 16:30:00,2025-12-06 18:10:00,77.56,['1743'],2025-12-06,2025-10-04
65,1_2025-12-06_2025-10-05,UA,IAH,LAX,2025-12-06 16:30:00,2025-12-06 18:10:00,77.56,['1743'],2025-12-06,2025-10-05
66,1_2025-12-07_2025-10-03,UA,IAH,LAX,2025-12-07 05:42:00,2025-12-07 07:30:00,107.64,['2431'],2025-12-07,2025-10-03
67,1_2025-12-07_2025-10-04,UA,IAH,LAX,2025-12-07 05:42:00,2025-12-07 07:30:00,77.56,['2431'],2025-12-07,2025-10-04
68,1_2025-12-07_2025-10-05,UA,IAH,LAX,2025-12-07 05:42:00,2025-12-07 07:30:00,77.56,['2431'],2025-12-07,2025-10-05
69,1_2025-12-08_2025-10-03,UA,IAH,LAX,2025-12-08 14:30:00,2025-12-08 16:15:00,107.64,['1945'],2025-12-08,2025-10-03
70,1_2025-12-08_2025-10-04,UA,IAH,LAX,2025-12-08 05:42:00,2025-12-08 07:30:00,77.56,['2431'],2025-12-08,2025-10-04
71,1_2025-12-08_2025-10-05,UA,IAH,LAX,2025-12-08 14:30:00,2025-12-08 16:15:00,77.56,['1945'],2025-12-08,2025-10-05
72,1_2025-12-09_2025-10-03,UA,IAH,LAX,2025-12-09 16:30:00,2025-12-09 18:10:00,107.64,['1743'],2025-12-09,2025-10-03
73,1_2025-12-09_2025-10-04,UA,IAH,LAX,2025-12-09 16:30:00,2025-12-09 18:10:00,77.56,['1743'],2025-12-09,2025-10-04
74,1_2025-12-09_2025-10-05,UA,IAH,LAX,2025-12-09 16:30:00,2025-12-09 18:10:00,77.56,['1743'],2025-12-09,2025-10-05
75,1_2025-12-10_2025-10-03,UA,IAH,LAX,2025-12-10 16:30:00,2025-12-10 18:10:00,107.64,['1743'],2025-12-10,2025-10-03
76,1_2025-12-10_2025-10-04,UA,IAH,LAX,2025-12-10 16:30:00,2025-12-10 18:10:00,77.56,['1743'],2025-12-10,2025-10-04
77,1_2025-12-10_2025-10-05,UA,IAH,LAX,2025-12-10 16:30:00,2025-12-10 18:10:00,77.56,['1743'],2025-12-10,2025-10-05
78,1_2025-12-11_2025-10-03,UA,IAH,LAX,2025-12-11 16:30:00,2025-12-11 18:10:00,107.64,['1743'],2025-12-11,2025-10-03
79,1_2025-12-11_2025-10-04,UA,IAH,LAX,2025-12-11 12:00:00,2025-12-11 13:45:00,77.56,['2460'],2025-12-11,2025-10-04
80,1_2025-12-11_2025-10-05,UA,IAH,LAX,2025-12-11 14:30:00,2025-12-11 16:15:00,77.56,['1945'],2025-12-11,2025-10-05
81,1_2025-12-12_2025-10-03,UA,IAH,LAX,2025-12-12 16:30:00,2025-12-12 18:10:00,116.24,['1743'],2025-12-12,2025-10-03
82,1_2025-12-12_2025-10-04,UA,IAH,LAX,2025-12-12 16:30:00,2025-12-12 18:10:00,116.26,['1743'],2025-12-12,2025-10-04
83,1_2025-12-12_2025-10-05,UA,IAH,LAX,2025-12-12 16:30:00,2025-12-12 18:10:00,116.26,['1743'],2025-12-12,2025-10-05
84,1_2025-12-13_2025-10-03,UA,IAH,LAX,2025-12-13 16:30:00,2025-12-13 18:10:00,107.64,['1743'],2025-12-13,2025-10-03
85,1_2025-12-13_2025-10-04,UA,IAH,LAX,2025-12-13 16:30:00,2025-12-13 18:10:00,77.56,['1743'],2025-12-13,2025-10-04
86,1_2025-12-13_2025-10-05,UA,IAH,LAX,2025-12-13 05:42:00,2025-12-13 07:30:00,77.56,['2431'],2025-12-13,2025-10-05
87,1_2025-12-14_2025-10-03,UA,IAH,LAX,2025-12-14 05:42:00,2025-12-14 07:30:00,107.64,['2431'],2025-12-14,2025-10-03
88,1_2025-12-14_2025-10-04,UA,IAH,LAX,2025-12-14 05:42:00,2025-12-14 07:30:00,77.56,['2431'],2025-12-14,2025-10-04
89,1_2025-12-14_2025-10-05,UA,IAH,LAX,2025-12-14 05:42:00,2025-12-14 07:30:00,77.56,['2431'],2025-12-14,2025-10-05
90,1_2025-12-15_2025-10-03,UA,IAH,LAX,2025-12-15 16:30:00,2025-12-15 18:10:00,107.64,['1743'],2025-12-15,2025-10-03
91,1_2025-12-15_2025-10-04,UA,IAH,LAX,2025-12-15 16:30:00,2025-12-15 18:10:00,77.56,['1743'],2025-12-15,2025-10-04
92,1_2025-12-15_2025-10-05,UA,IAH,LAX,2025-12-15 16:30:00,2025-12-15 18:10:00,77.56,['1743'],2025-12-15,2025-10-05
93,1_2025-12-16_2025-10-03,UA,IAH,LAX,2025-12-16 16:30:00,2025-12-16 18:10:00,107.64,['1743'],2025-12-16,2025-10-03
94,1_2025-12-16_2025-10-04,UA,IAH,LAX,2025-12-16 16:30:00,2025-12-16 18:10:00,77.56,['1743'],2025-12-16,2025-10-04
95,1_2025-12-16_2025-10-05,UA,IAH,LAX,2025-12-16 16:30:00,2025-12-16 18:10:00,77.56,['1743'],2025-12-16,2025-10-05
96,1_2025-12-17_2025-10-03,UA,IAH,LAX,2025-12-17 14:30:00,2025-12-17 16:15:00,107.64,['1945'],2025-12-17,2025-10-03
97,1_2025-12-17_2025-10-04,UA,IAH,LAX,2025-12-17 05:42:00,2025-12-17 07:30:00,77.56,['2431'],2025-12-17,2025-10-04
98,1_2025-12-17_2025-10-05,AS,IAH,LAX,2025-12-17 17:54:00,2025-12-17 23:59:00,92.29,"['1421', '1291']",2025-12-17,2025-10-05
99,1_2025-12-18_2025-10-03,F9,IAH,LAX,2025-12-18 10:56:00,2025-12-18 12:48:00,161.39,['1755'],2025-12-18,2025-10-03
100,1_2025-12-18_2025-10-04,F9,IAH,LAX,2025-12-18 10:56:00,2025-12-18 12:48:00,161.41,['1755'],2025-12-18,2025-10-04
101,1_2025-12-18_2025-10-05,F9,IAH,LAX,2025-12-18 10:56:00,2025-12-18 12:48:00,160.34,['1755'],2025-12-18,2025-10-05
102,1_2025-12-19_2025-10-03,F9,IAH,ONT,2025-12-19 14:40:00,2025-12-19 16:11:00,154.94,['3131'],2025-12-19,2025-10-03
103,1_2025-12-19_2025-10-04,F9,IAH,ONT,2025-12-19 14:40:00,2025-12-19 16:11:00,154.96,['3131'],2025-12-19,2025-10-04
104,1_2025-12-19_2025-10-05,F9,IAH,ONT,2025-12-19 14:40:00,2025-12-19 16:11:00,156.04,['3131'],2025-12-19,2025-10-05
105,1_2025-12-20_2025-10-03,AS,IAH,LAX,2025-12-20 17:54:00,2025-12-20 23:59:00,152.46,"['1421', '1291']",2025-12-20,2025-10-03
106,1_2025-12-20_2025-10-04,AS,IAH,LAX,2025-12-20 17:54:00,2025-12-20 23:59:00,153.57,"['1421', '1291']",2025-12-20,2025-10-04
107,1_2025-12-20_2025-10-05,AS,IAH,LAX,2025-12-20 17:54:00,2025-12-20 23:59:00,153.57,"['1421', '1291']",2025-12-20,2025-10-05
108,1_2025-12-21_2025-10-03,F9,IAH,LAX,2025-12-21 10:56:00,2025-12-21 12:48:00,163.54,['1755'],2025-12-21,2025-10-03
109,1_2025-12-21_2025-10-04,AS,IAH,LAX,2025-12-21 17:54:00,2025-12-22 08:25:00,211.02,"['1421', '1165']",2025-12-21,2025-10-04
110,1_2025-12-21_2025-10-05,AS,IAH,LAX,2025-12-21 17:54:00,2025-12-22 08:25:00,211.02,"['1421', '1165']",2025-12-21,2025-10-05
111,1_2025-12-22_2025-10-03,F9,IAH,LAX,2025-12-22 10:56:00,2025-12-22 12:48:00,163.54,['1755'],2025-12-22,2025-10-03
112,1_2025-12-22_2025-10-04,UA,IAH,LAX,2025-12-22 21:35:00,2025-12-22 22:59:00,176.46,['434'],2025-12-22,2025-10-04
113,1_2025-12-22_2025-10-05,UA,IAH,ONT,2025-12-22 20:00:00,2025-12-22 21:21:00,173.24,['1563'],2025-12-22,2025-10-05
114,1_2025-12-23_2025-10-03,F9,IAH,LAX,2025-12-23 10:56:00,2025-12-23 12:48:00,163.54,['1755'],2025-12-23,2025-10-03
115,1_2025-12-23_2025-10-04,UA,IAH,LAX,2025-12-23 21:35:00,2025-12-23 22:59:00,176.46,['434'],2025-12-23,2025-10-04
116,1_2025-12-23_2025-10-05,UA,IAH,LAX,2025-12-23 21:35:00,2025-12-23 22:59:00,176.46,['434'],2025-12-23,2025-10-05
117,1_2025-12-24_2025-10-03,AS,IAH,ONT,2025-12-24 07:35:00,2025-12-24 15:12:00,136.34,"['453', '1118']",2025-12-24,2025-10-03
118,1_2025-12-24_2025-10-04,AS,IAH,ONT,2025-12-24 07:35:00,2025-12-24 15:12:00,136.37,"['453', '1118']",2025-12-24,2025-10-04
119,1_2025-12-24_2025-10-05,UA,IAH,LAX,2025-12-24 05:42:00,2025-12-24 07:30:00,107.66,['2431'],2025-12-24,2025-10-05
120,1_2025-12-25_2025-10-03,AS,IAH,ONT,2025-12-25 07:35:00,2025-12-25 15:12:00,147.09,"['453', '1118']",2025-12-25,2025-10-03
121,1_2025-12-25_2025-10-04,AS,IAH,ONT,2025-12-25 07:35:00,2025-12-25 15:12:00,147.12,"['453', '1118']",2025-12-25,2025-10-04
122,1_2025-12-25_2025-10-05,UA,IAH,LAX,2025-12-25 21:35:00,2025-12-25 22:59:00,135.61,['434'],2025-12-25,2025-10-05
123,1_2025-12-26_2025-10-03,F9,IAH,LAX,2025-12-26 10:56:00,2025-12-26 12:48:00,163.54,['1755'],2025-12-26,2025-10-03
124,1_2025-12-26_2025-10-04,UA,IAH,ONT,2025-12-26 20:00:00,2025-12-26 21:21:00,208.71,['1563'],2025-12-26,2025-10-04
125,1_2025-12-26_2025-10-05,UA,IAH,ONT,2025-12-26 20:00:00,2025-12-26 21:21:00,208.71,['1563'],2025-12-26,2025-10-05
126,1_2025-12-27_2025-10-03,AS,IAH,LAX,2025-12-27 17:54:00,2025-12-27 23:59:00,152.46,"['1421', '1291']",2025-12-27,2025-10-03
127,1_2025-12-27_2025-10-04,AS,IAH,LAX,2025-12-27 17:54:00,2025-12-27 23:59:00,153.57,"['1421', '1291']",2025-12-27,2025-10-04
128,1_2025-12-27_2025-10-05,AS,IAH,LAX,2025-12-27 17:54:00,2025-12-27 23:59:00,153.57,"['1421', '1291']",2025-12-27,2025-10-05
129,1_2025-12-28_2025-10-03,F9,IAH,LAX,2025-12-28 10:56:00,2025-12-28 12:48:00,163.54,['1755'],2025-12-28,2025-10-03
130,1_2025-12-28_2025-10-04,AS,IAH,LAX,2025-12-28 17:54:00,2025-12-29 08:25:00,211.02,"['1421', '1165']",2025-12-28,2025-10-04
131,1_2025-12-28_2025-10-05,AS,IAH,LAX,2025-12-28 17:54:00,2025-12-29 08:25:00,211.02,"['1421', '1165']",2025-12-28,2025-10-05
132,1_2025-12-29_2025-10-03,F9,IAH,LAX,2025-12-29 10:56:00,2025-12-29 12:48:00,163.54,['1755'],2025-12-29,2025-10-03
133,1_2025-12-29_2025-10-04,UA,IAH,LAX,2025-12-29 05:42:00,2025-12-29 07:30:00,213.01,['2431'],2025-12-29,2025-10-04
134,1_2025-12-29_2025-10-05,UA,IAH,LAX,2025-12-29 20:10:00,2025-12-29 21:55:00,213.01,['2095'],2025-12-29,2025-10-05
135,1_2025-12-30_2025-10-03,F9,IAH,LAX,2025-12-30 10:56:00,2025-12-30 12:48:00,163.54,['1755'],2025-12-30,2025-10-03
136,1_2025-12-30_2025-10-04,AS,IAH,LAX,2025-12-30 17:54:00,2025-12-31 08:25:00,193.82,"['1421', '1165']",2025-12-30,2025-10-04
137,1_2025-12-30_2025-10-05,UA,IAH,LAX,2025-12-30 07:35:00,2025-12-30 09:27:00,176.46,['2600'],2025-12-30,2025-10-05
138,1_2025-12-31_2025-10-03,UA,IAH,LAX,2025-12-31 21:35:00,2025-12-31 22:59:00,107.64,['434'],2025-12-31,2025-10-03
139,1_2025-12-31_2025-10-04,UA,IAH,LAX,2025-12-31 21:35:00,2025-12-31 22:59:00,107.66,['434'],2025-12-31,2025-10-04
140,1_2025-12-31_2025-10-05,UA,IAH,LAX,2025-12-31 21:35:00,2025-12-31 22:59:00,107.66,['434'],2025-12-31,2025-10-05
141,2_2025-11-15_2025-10-03,UA,IAH,LAX,2025-11-15 12:00:00,2025-11-15 13:45:00,107.64,['2460'],2025-11-15,2025-10-03
142,2_2025-11-15_2025-10-04,UA,IAH,LAX,2025-11-15 12:00:00,2025-11-15 13:45:00,77.56,['2460'],2025-11-15,2025-10-04
143,2_2025-11-15_2025-10-05,UA,IAH,LAX,2025-11-15 12:00:00,2025-11-15 13:45:00,77.56,['2460'],2025-11-15,2025-10-05
144,2_2025-11-16_2025-10-03,UA,IAH,LAX,2025-11-16 05:42:00,2025-11-16 07:30:00,107.64,['2431'],2025-11-16,2025-10-03
145,2_2025-11-16_2025-10-04,UA,IAH,LAX,2025-11-16 05:42:00,2025-11-16 07:30:00,77.56,['2431'],2025-11-16,2025-10-04
146,2_2025-11-16_2025-10-05,UA,IAH,LAX,2025-11-16 05:42:00,2025-11-16 07:30:00,77.56,['2431'],2025-11-16,2025-10-05
147,2_2025-11-17_2025-10-03,UA,IAH,LAX,2025-11-17 14:30:00,2025-11-17 16:15:00,116.24,['1945'],2025-11-17,2025-10-03
148,2_2025-11-17_2025-10-04,UA,IAH,LAX,2025-11-17 14:30:00,2025-11-17 16:15:00,116.26,['1945'],2025-11-17,2025-10-04
149,2_2025-11-17_2025-10-05,UA,IAH,LAX,2025-11-17 14:30:00,2025-11-17 16:15:00,116.26,['1945'],2025-11-17,2025-10-05
150,2_2025-11-18_2025-10-03,UA,IAH,LAX,2025-11-18 09:40:00,2025-11-18 11:25:00,107.64,['469'],2025-11-18,2025-10-03
151,2_2025-11-18_2025-10-04,UA,IAH,LAX,2025-11-18 09:40:00,2025-11-18 11:25:00,77.56,['469'],2025-11-18,2025-10-04
152,2_2025-11-18_2025-10-05,UA,IAH,LAX,2025-11-18 09:40:00,2025-11-18 11:25:00,77.56,['469'],2025-11-18,2025-10-05
153,2_2025-11-19_2025-10-03,UA,IAH,LAX,2025-11-19 09:40:00,2025-11-19 11:25:00,107.64,['469'],2025-11-19,2025-10-03
154,2_2025-11-19_2025-10-04,UA,IAH,LAX,2025-11-19 12:00:00,2025-11-19 13:45:00,77.56,['2460'],2025-11-19,2025-10-04
155,2_2025-11-19_2025-10-05,UA,IAH,LAX,2025-11-19 12:00:00,2025-11-19 13:45:00,77.56,['2460'],2025-11-19,2025-10-05
156,2_2025-11-20_2025-10-03,F9,IAH,LAX,2025-11-20 10:56:00,2025-11-20 12:42:00,161.39,['1755'],2025-11-20,2025-10-03
157,2_2025-11-20_2025-10-04,F9,IAH,LAX,2025-11-20 10:56:00,2025-11-20 12:42:00,161.41,['1755'],2025-11-20,2025-10-04
158,2_2025-11-20_2025-10-05,F9,IAH,LAX,2025-11-20 10:56:00,2025-11-20 12:42:00,160.34,['1755'],2025-11-20,2025-10-05
159,2_2025-11-21_2025-10-03,AS,IAH,ONT,2025-11-21 07:35:00,2025-11-21 15:12:00,182.56,"['453', '1118']",2025-11-21,2025-10-03
160,2_2025-11-21_2025-10-04,AS,IAH,ONT,2025-11-21 07:35:00,2025-11-21 15:12:00,182.59,"['453', '1118']",2025-11-21,2025-10-04
161,2_2025-11-21_2025-10-05,AS,IAH,ONT,2025-11-21 07:35:00,2025-11-21 15:12:00,182.59,"['453', '1118']",2025-11-21,2025-10-05
162,2_2025-11-22_2025-10-03,F9,IAH,ONT,2025-11-22 06:45:00,2025-11-22 11:25:00,189.01,"['3229', '1261']",2025-11-22,2025-10-03
163,2_2025-11-22_2025-10-04,F9,IAH,ONT,2025-11-22 06:45:00,2025-11-22 11:25:00,190.12,"['3229', '1261']",2025-11-22,2025-10-04
164,2_2025-11-22_2025-10-05,F9,IAH,ONT,2025-11-22 06:45:00,2025-11-22 11:25:00,190.12,"['3229', '1261']",2025-11-22,2025-10-05
165,2_2025-11-23_2025-10-03,F9,IAH,ONT,2025-11-23 14:40:00,2025-11-23 16:19:00,182.89,['3131'],2025-11-23,2025-10-03
166,2_2025-11-23_2025-10-04,F9,IAH,ONT,2025-11-23 14:40:00,2025-11-23 16:19:00,182.91,['3131'],2025-11-23,2025-10-04
167,2_2025-11-23_2025-10-05,F9,IAH,ONT,2025-11-23 14:40:00,2025-11-23 16:19:00,182.91,['3131'],2025-11-23,2025-10-05
168,2_2025-11-24_2025-10-03,UA,IAH,LAX,2025-11-24 21:35:00,2025-11-24 23:21:00,107.64,['434'],2025-11-24,2025-10-03
169,2_2025-11-24_2025-10-04,UA,IAH,LAX,2025-11-24 21:35:00,2025-11-24 23:21:00,107.66,['434'],2025-11-24,2025-10-04
170,2_2025-11-24_2025-10-05,UA,IAH,LAX,2025-11-24 21:35:00,2025-11-24 23:21:00,107.66,['434'],2025-11-24,2025-10-05
171,2_2025-11-25_2025-10-03,F9,IAH,LAX,2025-11-25 10:56:00,2025-11-25 12:42:00,157.09,['1755'],2025-11-25,2025-10-03
172,2_2025-11-25_2025-10-04,F9,IAH,LAX,2025-11-25 10:56:00,2025-11-25 12:42:00,157.11,['1755'],2025-11-25,2025-10-04
173,2_2025-11-25_2025-10-05,F9,IAH,LAX,2025-11-25 10:56:00,2025-11-25 12:42:00,157.11,['1755'],2025-11-25,2025-10-05
174,2_2025-11-26_2025-10-03,F9,IAH,LAX,2025-11-26 10:56:00,2025-11-26 12:42:00,157.09,['1755'],2025-11-26,2025-10-03
175,2_2025-11-26_2025-10-04,F9,IAH,LAX,2025-11-26 10:56:00,2025-11-26 12:42:00,157.11,['1755'],2025-11-26,2025-10-04
176,2_2025-11-26_2025-10-05,F9,IAH,LAX,2025-11-26 10:56:00,2025-11-26 12:42:00,157.11,['1755'],2025-11-26,2025-10-05
177,2_2025-11-27_2025-10-03,UA,IAH,LAX,2025-11-27 12:00:00,2025-11-27 13:45:00,135.59,['2460'],2025-11-27,2025-10-03
178,2_2025-11-27_2025-10-04,UA,IAH,LAX,2025-11-27 12:00:00,2025-11-27 13:45:00,135.61,['2460'],2025-11-27,2025-10-04
179,2_2025-11-27_2025-10-05,UA,IAH,LAX,2025-11-27 12:00:00,2025-11-27 13:45:00,107.66,['2460'],2025-11-27,2025-10-05
180,2_2025-11-28_2025-10-03,UA,IAH,LAX,2025-11-28 14:30:00,2025-11-28 16:15:00,140.97,['1945'],2025-11-28,2025-10-03
181,2_2025-11-28_2025-10-04,UA,IAH,LAX,2025-11-28 09:40:00,2025-11-28 11:25:00,140.99,['469'],2025-11-28,2025-10-04
182,2_2025-11-28_2025-10-05,UA,IAH,LAX,2025-11-28 09:40:00,2025-11-28 11:25:00,140.99,['469'],2025-11-28,2025-10-05
183,2_2025-11-29_2025-10-03,F9,IAH,LAX,2025-11-29 10:56:00,2025-11-29 12:42:00,168.92,['1755'],2025-11-29,2025-10-03
184,2_2025-11-29_2025-10-04,F9,IAH,LAX,2025-11-29 10:56:00,2025-11-29 12:42:00,168.94,['1755'],2025-11-29,2025-10-04
185,2_2025-11-29_2025-10-05,F9,IAH,LAX,2025-11-29 10:56:00,2025-11-29 12:42:00,168.94,['1755'],2025-11-29,2025-10-05
186,2_2025-11-30_2025-10-03,F9,IAH,ONT,2025-11-30 14:40:00,2025-11-30 16:19:00,196.87,['3131'],2025-11-30,2025-10-03
187,2_2025-11-30_2025-10-04,F9,IAH,ONT,2025-11-30 14:40:00,2025-11-30 16:19:00,196.89,['3131'],2025-11-30,2025-10-04
188,2_2025-11-30_2025-10-05,F9,IAH,ONT,2025-11-30 14:40:00,2025-11-30 16:19:00,196.89,['3131'],2025-11-30,2025-10-05
189,2_2025-12-01_2025-10-03,F9,IAH,LAX,2025-12-01 10:56:00,2025-12-01 12:42:00,157.09,['1755'],2025-12-01,2025-10-03
190,2_2025-12-01_2025-10-04,F9,IAH,LAX,2025-12-01 10:56:00,2025-12-01 12:42:00,157.11,['1755'],2025-12-01,2025-10-04
191,2_2025-12-01_2025-10-05,F9,IAH,LAX,2025-12-01 10:56:00,2025-12-01 12:42:00,157.11,['1755'],2025-12-01,2025-10-05
192,2_2025-12-02_2025-10-03,UA,IAH,LAX,2025-12-02 16:30:00,2025-12-02 18:10:00,119.47,['1743'],2025-12-02,2025-10-03
193,2_2025-12-02_2025-10-04,UA,IAH,LAX,2025-12-02 16:30:00,2025-12-02 18:10:00,119.49,['1743'],2025-12-02,2025-10-04
194,2_2025-12-02_2025-10-05,UA,IAH,LAX,2025-12-02 16:30:00,2025-12-02 18:10:00,119.49,['1743'],2025-12-02,2025-10-05
195,2_2025-12-03_2025-10-03,UA,IAH,LAX,2025-12-03 12:00:00,2025-12-03 13:45:00,116.24,['2460'],2025-12-03,2025-10-03
196,2_2025-12-03_2025-10-04,AS,IAH,LAX,2025-12-03 17:54:00,2025-12-03 23:59:00,92.29,"['1421', '1291']",2025-12-03,2025-10-04
197,2_2025-12-03_2025-10-05,AS,IAH,LAX,2025-12-03 17:54:00,2025-12-03 23:59:00,92.29,"['1421', '1291']",2025-12-03,2025-10-05
198,2_2025-12-04_2025-10-03,UA,IAH,LAX,2025-12-04 12:00:00,2025-12-04 13:45:00,116.24,['2460'],2025-12-04,2025-10-03
199,2_2025-12-04_2025-10-04,AS,IAH,LAX,2025-12-04 07:35:00,2025-12-04 14:40:00,92.29,"['453', '1144']",2025-12-04,2025-10-04
200,2_2025-12-04_2025-10-05,AS,IAH,LAX,2025-12-04 07:35:00,2025-12-04 14:40:00,92.29,"['453', '1144']",2025-12-04,2025-10-05
201,2_2025-12-05_2025-10-03,UA,IAH,LAX,2025-12-05 12:00:00,2025-12-05 13:45:00,116.24,['2460'],2025-12-05,2025-10-03
202,2_2025-12-05_2025-10-04,UA,IAH,LAX,2025-12-05 12:00:00,2025-12-05 13:45:00,116.26,['2460'],2025-12-05,2025-10-04
203,2_2025-12-05_2025-10-05,UA,IAH,LAX,2025-12-05 12:00:00,2025-12-05 13:45:00,116.26,['2460'],2025-12-05,2025-10-05
204,2_2025-12-06_2025-10-03,UA,IAH,LAX,2025-12-06 05:42:00,2025-12-06 07:30:00,107.64,['2431'],2025-12-06,2025-10-03
205,2_2025-12-06_2025-10-04,UA,IAH,LAX,2025-12-06 05:42:00,2025-12-06 07:30:00,77.56,['2431'],2025-12-06,2025-10-04
206,2_2025-12-06_2025-10-05,UA,IAH,LAX,2025-12-06 05:42:00,2025-12-06 07:30:00,77.56,['2431'],2025-12-06,2025-10-05
207,2_2025-12-07_2025-10-03,UA,IAH,LAX,2025-12-07 07:35:00,2025-12-07 09:27:00,116.24,['2600'],2025-12-07,2025-10-03
208,2_2025-12-07_2025-10-04,AS,IAH,LAX,2025-12-07 17:54:00,2025-12-07 23:59:00,92.29,"['1421', '1291']",2025-12-07,2025-10-04
209,2_2025-12-07_2025-10-05,AS,IAH,LAX,2025-12-07 17:54:00,2025-12-07 23:59:00,92.29,"['1421', '1291']",2025-12-07,2025-10-05
210,2_2025-12-08_2025-10-03,UA,IAH,LAX,2025-12-08 05:42:00,2025-12-08 07:30:00,107.64,['2431'],2025-12-08,2025-10-03
211,2_2025-12-08_2025-10-04,AS,IAH,LAX,2025-12-08 17:54:00,2025-12-08 23:59:00,92.29,"['1421', '1291']",2025-12-08,2025-10-04
212,2_2025-12-08_2025-10-05,UA,IAH,LAX,2025-12-08 05:42:00,2025-12-08 07:30:00,77.56,['2431'],2025-12-08,2025-10-05
213,2_2025-12-09_2025-10-03,UA,IAH,LAX,2025-12-09 12:00:00,2025-12-09 13:45:00,107.64,['2460'],2025-12-09,2025-10-03
214,2_2025-12-09_2025-10-04,UA,IAH,LAX,2025-12-09 14:30:00,2025-12-09 16:15:00,77.56,['1945'],2025-12-09,2025-10-04
215,2_2025-12-09_2025-10-05,UA,IAH,LAX,2025-12-09 14:30:00,2025-12-09 16:15:00,77.56,['1945'],2025-12-09,2025-10-05
216,2_2025-12-10_2025-10-03,UA,IAH,LAX,2025-12-10 12:00:00,2025-12-10 13:45:00,107.64,['2460'],2025-12-10,2025-10-03
217,2_2025-12-10_2025-10-04,UA,IAH,LAX,2025-12-10 12:00:00,2025-12-10 13:45:00,77.56,['2460'],2025-12-10,2025-10-04
218,2_2025-12-10_2025-10-05,UA,IAH,LAX,2025-12-10 12:00:00,2025-12-10 13:45:00,77.56,['2460'],2025-12-10,2025-10-05
219,2_2025-12-11_2025-10-03,UA,IAH,LAX,2025-12-11 12:00:00,2025-12-11 13:45:00,107.64,['2460'],2025-12-11,2025-10-03
220,2_2025-12-11_2025-10-04,UA,IAH,LAX,2025-12-11 14:30:00,2025-12-11 16:15:00,77.56,['1945'],2025-12-11,2025-10-04
221,2_2025-12-11_2025-10-05,AS,IAH,LAX,2025-12-11 17:54:00,2025-12-11 23:59:00,92.29,"['1421', '1291']",2025-12-11,2025-10-05
222,2_2025-12-12_2025-10-03,UA,IAH,LAX,2025-12-12 12:00:00,2025-12-12 13:45:00,116.24,['2460'],2025-12-12,2025-10-03
223,2_2025-12-12_2025-10-04,UA,IAH,LAX,2025-12-12 12:00:00,2025-12-12 13:45:00,116.26,['2460'],2025-12-12,2025-10-04
224,2_2025-12-12_2025-10-05,UA,IAH,LAX,2025-12-12 12:00:00,2025-12-12 13:45:00,116.26,['2460'],2025-12-12,2025-10-05
225,2_2025-12-13_2025-10-03,UA,IAH,LAX,2025-12-13 05:42:00,2025-12-13 07:30:00,107.64,['2431'],2025-12-13,2025-10-03
226,2_2025-12-13_2025-10-04,UA,IAH,LAX,2025-12-13 05:42:00,2025-12-13 07:30:00,77.56,['2431'],2025-12-13,2025-10-04
227,2_2025-12-13_2025-10-05,AS,IAH,LAX,2025-12-13 17:54:00,2025-12-13 23:59:00,92.29,"['1421', '1291']",2025-12-13,2025-10-05
228,2_2025-12-14_2025-10-03,UA,IAH,LAX,2025-12-14 07:35:00,2025-12-14 09:27:00,107.64,['2600'],2025-12-14,2025-10-03
229,2_2025-12-14_2025-10-04,UA,IAH,LAX,2025-12-14 07:35:00,2025-12-14 09:27:00,77.56,['2600'],2025-12-14,2025-10-04
230,2_2025-12-14_2025-10-05,UA,IAH,LAX,2025-12-14 07:35:00,2025-12-14 09:27:00,77.56,['2600'],2025-12-14,2025-10-05
231,2_2025-12-15_2025-10-03,UA,IAH,LAX,2025-12-15 12:00:00,2025-12-15 13:45:00,107.64,['2460'],2025-12-15,2025-10-03
232,2_2025-12-15_2025-10-04,UA,IAH,LAX,2025-12-15 12:00:00,2025-12-15 13:45:00,77.56,['2460'],2025-12-15,2025-10-04
233,2_2025-12-15_2025-10-05,UA,IAH,LAX,2025-12-15 12:00:00,2025-12-15 13:45:00,77.56,['2460'],2025-12-15,2025-10-05
234,2_2025-12-16_2025-10-03,UA,IAH,LAX,2025-12-16 12:00:00,2025-12-16 13:45:00,107.64,['2460'],2025-12-16,2025-10-03
235,2_2025-12-16_2025-10-04,UA,IAH,LAX,2025-12-16 12:00:00,2025-12-16 13:45:00,77.56,['2460'],2025-12-16,2025-10-04
236,2_2025-12-16_2025-10-05,UA,IAH,LAX,2025-12-16 12:00:00,2025-12-16 13:45:00,77.56,['2460'],2025-12-16,2025-10-05
237,2_2025-12-17_2025-10-03,UA,IAH,LAX,2025-12-17 05:42:00,2025-12-17 07:30:00,107.64,['2431'],2025-12-17,2025-10-03
238,2_2025-12-17_2025-10-04,AS,IAH,LAX,2025-12-17 17:54:00,2025-12-17 23:59:00,92.29,"['1421', '1291']",2025-12-17,2025-10-04
239,2_2025-12-17_2025-10-05,AS,IAH,LAX,2025-12-17 07:35:00,2025-12-17 14:40:00,92.29,"['453', '1144']",2025-12-17,2025-10-05
240,2_2025-12-18_2025-10-03,UA,IAH,ONT,2025-12-18 20:00:00,2025-12-18 21:21:00,173.22,['1563'],2025-12-18,2025-10-03
241,2_2025-12-18_2025-10-04,UA,IAH,ONT,2025-12-18 20:00:00,2025-12-18 21:21:00,173.24,['1563'],2025-12-18,2025-10-04
242,2_2025-12-18_2025-10-05,UA,IAH,ONT,2025-12-18 20:00:00,2025-12-18 21:21:00,173.24,['1563'],2025-12-18,2025-10-05
243,2_2025-12-19_2025-10-03,F9,IAH,LAX,2025-12-19 10:56:00,2025-12-19 12:48:00,159.24,['1755'],2025-12-19,2025-10-03
244,2_2025-12-19_2025-10-04,F9,IAH,LAX,2025-12-19 10:56:00,2025-12-19 12:48:00,159.26,['1755'],2025-12-19,2025-10-04
245,2_2025-12-19_2025-10-05,F9,IAH,LAX,2025-12-19 10:56:00,2025-12-19 12:48:00,159.26,['1755'],2025-12-19,2025-10-05
246,2_2025-12-20_2025-10-03,AS,IAH,LAX,2025-12-20 07:35:00,2025-12-20 14:40:00,152.46,"['453', '1144']",2025-12-20,2025-10-03
247,2_2025-12-20_2025-10-04,AS,IAH,LAX,2025-12-20 07:35:00,2025-12-20 14:40:00,153.57,"['453', '1144']",2025-12-20,2025-10-04
248,2_2025-12-20_2025-10-05,AS,IAH,LAX,2025-12-20 07:35:00,2025-12-20 14:40:00,153.57,"['453', '1144']",2025-12-20,2025-10-05
249,2_2025-12-21_2025-10-03,AS,IAH,ONT,2025-12-21 07:35:00,2025-12-21 15:12:00,182.56,"['453', '1118']",2025-12-21,2025-10-03
250,2_2025-12-21_2025-10-04,UA,IAH,LAX,2025-12-21 21:35:00,2025-12-21 22:59:00,213.01,['434'],2025-12-21,2025-10-04
251,2_2025-12-21_2025-10-05,UA,IAH,LAX,2025-12-21 21:35:00,2025-12-21 22:59:00,213.01,['434'],2025-12-21,2025-10-05
252,2_2025-12-22_2025-10-03,UA,IAH,LAX,2025-12-22 21:35:00,2025-12-22 22:59:00,176.44,['434'],2025-12-22,2025-10-03
253,2_2025-12-22_2025-10-04,UA,IAH,LAX,2025-12-22 14:30:00,2025-12-22 16:15:00,176.46,['1945'],2025-12-22,2025-10-04
254,2_2025-12-22_2025-10-05,UA,IAH,LAX,2025-12-22 21:35:00,2025-12-22 22:59:00,176.46,['434'],2025-12-22,2025-10-05
255,2_2025-12-23_2025-10-03,UA,IAH,LAX,2025-12-23 21:35:00,2025-12-23 22:59:00,176.44,['434'],2025-12-23,2025-10-03
256,2_2025-12-23_2025-10-04,UA,IAH,LAX,2025-12-23 20:10:00,2025-12-23 21:55:00,176.46,['2095'],2025-12-23,2025-10-04
257,2_2025-12-23_2025-10-05,UA,IAH,LAX,2025-12-23 20:10:00,2025-12-23 21:55:00,176.46,['2095'],2025-12-23,2025-10-05
258,2_2025-12-24_2025-10-03,UA,IAH,LAX,2025-12-24 09:40:00,2025-12-24 11:25:00,161.39,['469'],2025-12-24,2025-10-03
259,2_2025-12-24_2025-10-04,UA,IAH,LAX,2025-12-24 09:40:00,2025-12-24 11:25:00,161.41,['469'],2025-12-24,2025-10-04
260,2_2025-12-24_2025-10-05,UA,IAH,LAX,2025-12-24 09:40:00,2025-12-24 11:25:00,135.61,['469'],2025-12-24,2025-10-05
261,2_2025-12-25_2025-10-03,UA,IAH,LAX,2025-12-25 21:35:00,2025-12-25 22:59:00,161.39,['434'],2025-12-25,2025-10-03
262,2_2025-12-25_2025-10-04,UA,IAH,LAX,2025-12-25 21:35:00,2025-12-25 22:59:00,161.41,['434'],2025-12-25,2025-10-04
263,2_2025-12-25_2025-10-05,AS,IAH,ONT,2025-12-25 07:35:00,2025-12-25 15:12:00,147.12,"['453', '1118']",2025-12-25,2025-10-05
264,2_2025-12-26_2025-10-03,AS,IAH,ONT,2025-12-26 07:35:00,2025-12-26 15:12:00,182.56,"['453', '1118']",2025-12-26,2025-10-03
265,2_2025-12-26_2025-10-04,UA,IAH,LAX,2025-12-26 05:42:00,2025-12-26 07:30:00,213.01,['2431'],2025-12-26,2025-10-04
266,2_2025-12-26_2025-10-05,UA,IAH,LAX,2025-12-26 05:42:00,2025-12-26 07:30:00,213.01,['2431'],2025-12-26,2025-10-05
267,2_2025-12-27_2025-10-03,AS,IAH,LAX,2025-12-27 07:35:00,2025-12-27 14:40:00,152.46,"['453', '1144']",2025-12-27,2025-10-03
268,2_2025-12-27_2025-10-04,AS,IAH,LAX,2025-12-27 07:35:00,2025-12-27 14:40:00,153.57,"['453', '1144']",2025-12-27,2025-10-04
269,2_2025-12-27_2025-10-05,AS,IAH,LAX,2025-12-27 07:35:00,2025-12-27 14:40:00,153.57,"['453', '1144']",2025-12-27,2025-10-05
270,2_2025-12-28_2025-10-03,AS,IAH,ONT,2025-12-28 07:35:00,2025-12-28 15:12:00,182.56,"['453', '1118']",2025-12-28,2025-10-03
271,2_2025-12-28_2025-10-04,UA,IAH,LAX,2025-12-28 05:42:00,2025-12-28 07:30:00,213.01,['2431'],2025-12-28,2025-10-04
272,2_2025-12-28_2025-10-05,UA,IAH,LAX,2025-12-28 05:42:00,2025-12-28 07:30:00,213.01,['2431'],2025-12-28,2025-10-05
273,2_2025-12-29_2025-10-03,AS,IAH,ONT,2025-12-29 07:35:00,2025-12-29 15:12:00,182.56,"['453', '1118']",2025-12-29,2025-10-03
274,2_2025-12-29_2025-10-04,AS,IAH,LAX,2025-12-29 19:56:00,2025-12-29 22:00:00,213.01,['6376'],2025-12-29,2025-10-04
275,2_2025-12-29_2025-10-05,UA,IAH,LAX,2025-12-29 05:42:00,2025-12-29 07:30:00,213.01,['2431'],2025-12-29,2025-10-05
276,2_2025-12-30_2025-10-03,AS,IAH,LAX,2025-12-30 17:54:00,2025-12-31 08:25:00,193.78,"['1421', '1165']",2025-12-30,2025-10-03
277,2_2025-12-30_2025-10-04,F9,IAH,LAX,2025-12-30 10:56:00,2025-12-30 12:48:00,197.96,['1755'],2025-12-30,2025-10-04
278,2_2025-12-30_2025-10-05,AS,IAH,LAX,2025-12-30 17:54:00,2025-12-31 08:25:00,193.82,"['1421', '1165']",2025-12-30,2025-10-05
279,2_2025-12-31_2025-10-03,UA,IAH,LAX,2025-12-31 05:42:00,2025-12-31 07:30:00,107.64,['2431'],2025-12-31,2025-10-03
280,2_2025-12-31_2025-10-04,UA,IAH,LAX,2025-12-31 05:42:00,2025-12-31 07:30:00,107.66,['2431'],2025-12-31,2025-10-04
281,2_2025-12-31_2025-10-05,UA,IAH,LAX,2025-12-31 05:42:00,2025-12-31 07:30:00,107.66,['2431'],2025-12-31,2025-10-05
282,3_2025-11-15_2025-10-03,UA,IAH,LAX,2025-11-15 14:30:00,2025-11-15 16:15:00,107.64,['1945'],2025-11-15,2025-10-03
283,3_2025-11-15_2025-10-04,UA,IAH,LAX,2025-11-15 14:30:00,2025-11-15 16:15:00,77.56,['1945'],2025-11-15,2025-10-04
284,3_2025-11-15_2025-10-05,UA,IAH,LAX,2025-11-15 14:30:00,2025-11-15 16:15:00,77.56,['1945'],2025-11-15,2025-10-05
285,3_2025-11-16_2025-10-03,F9,IAH,LAX,2025-11-16 12:01:00,2025-11-16 15:45:00,136.34,"['1703', '3303']",2025-11-16,2025-10-03
286,3_2025-11-16_2025-10-04,AS,IAH,LAX,2025-11-16 17:54:00,2025-11-16 23:59:00,92.29,"['1421', '1291']",2025-11-16,2025-10-04
287,3_2025-11-16_2025-10-05,UA,IAH,LAX,2025-11-16 07:35:00,2025-11-16 09:27:00,158.19,['2600'],2025-11-16,2025-10-05
288,3_2025-11-17_2025-10-03,F9,IAH,LAX,2025-11-17 06:15:00,2025-11-17 12:28:00,136.34,"['1404', '4315']",2025-11-17,2025-10-03
289,3_2025-11-17_2025-10-04,UA,IAH,LAX,2025-11-17 19:50:00,2025-11-17 21:36:00,158.19,['2095'],2025-11-17,2025-10-04
290,3_2025-11-17_2025-10-05,UA,IAH,LAX,2025-11-17 09:40:00,2025-11-17 11:25:00,158.19,['469'],2025-11-17,2025-10-05
291,3_2025-11-18_2025-10-03,UA,IAH,LAX,2025-11-18 12:00:00,2025-11-18 13:45:00,107.64,['2460'],2025-11-18,2025-10-03
292,3_2025-11-18_2025-10-04,UA,IAH,LAX,2025-11-18 12:00:00,2025-11-18 13:45:00,77.56,['2460'],2025-11-18,2025-10-04
293,3_2025-11-18_2025-10-05,UA,IAH,LAX,2025-11-18 12:00:00,2025-11-18 13:45:00,77.56,['2460'],2025-11-18,2025-10-05
294,3_2025-11-19_2025-10-03,UA,IAH,LAX,2025-11-19 12:00:00,2025-11-19 13:45:00,107.64,['2460'],2025-11-19,2025-10-03
295,3_2025-11-19_2025-10-04,UA,IAH,LAX,2025-11-19 14:30:00,2025-11-19 16:15:00,77.56,['1945'],2025-11-19,2025-10-04
296,3_2025-11-19_2025-10-05,UA,IAH,LAX,2025-11-19 14:30:00,2025-11-19 16:15:00,77.56,['1945'],2025-11-19,2025-10-05
297,3_2025-11-20_2025-10-03,F9,IAH,ONT,2025-11-20 06:45:00,2025-11-20 11:28:00,189.01,"['3229', '1261']",2025-11-20,2025-10-03
298,3_2025-11-20_2025-10-04,AS,IAH,ONT,2025-11-20 07:35:00,2025-11-20 18:17:00,186.3,"['453', '1086']",2025-11-20,2025-10-04
299,3_2025-11-20_2025-10-05,AS,IAH,ONT,2025-11-20 07:35:00,2025-11-20 18:17:00,186.3,"['453', '1086']",2025-11-20,2025-10-05
300,3_2025-11-21_2025-10-03,F9,IAH,ONT,2025-11-21 14:40:00,2025-11-21 16:19:00,182.89,['3131'],2025-11-21,2025-10-03
301,3_2025-11-21_2025-10-04,F9,IAH,ONT,2025-11-21 14:40:00,2025-11-21 16:19:00,182.91,['3131'],2025-11-21,2025-10-04
302,3_2025-11-21_2025-10-05,F9,IAH,ONT,2025-11-21 14:40:00,2025-11-21 16:19:00,182.91,['3131'],2025-11-21,2025-10-05
303,3_2025-11-22_2025-10-03,F9,IAH,ONT,2025-11-22 14:42:00,2025-11-22 21:06:00,189.01,"['1489', '2231']",2025-11-22,2025-10-03
304,3_2025-11-22_2025-10-04,F9,IAH,ONT,2025-11-22 14:42:00,2025-11-22 21:06:00,190.12,"['1489', '2231']",2025-11-22,2025-10-04
305,3_2025-11-22_2025-10-05,F9,IAH,ONT,2025-11-22 14:42:00,2025-11-22 21:06:00,190.12,"['1489', '2231']",2025-11-22,2025-10-05
306,3_2025-11-23_2025-10-03,AS,IAH,LAX,2025-11-23 17:54:00,2025-11-23 23:59:00,185.79,"['1421', '1291']",2025-11-23,2025-10-03
307,3_2025-11-23_2025-10-04,AS,IAH,LAX,2025-11-23 17:54:00,2025-11-23 23:59:00,185.82,"['1421', '1291']",2025-11-23,2025-10-04
308,3_2025-11-23_2025-10-05,AS,IAH,LAX,2025-11-23 17:54:00,2025-11-23 23:59:00,185.82,"['1421', '1291']",2025-11-23,2025-10-05
309,3_2025-11-24_2025-10-03,UA,IAH,LAX,2025-11-24 19:50:00,2025-11-24 21:36:00,107.64,['2095'],2025-11-24,2025-10-03
310,3_2025-11-24_2025-10-04,UA,IAH,LAX,2025-11-24 16:30:00,2025-11-24 18:10:00,135.61,['1743'],2025-11-24,2025-10-04
311,3_2025-11-24_2025-10-05,UA,IAH,LAX,2025-11-24 16:30:00,2025-11-24 18:10:00,135.61,['1743'],2025-11-24,2025-10-05
312,3_2025-11-25_2025-10-03,F9,IAH,ONT,2025-11-25 14:40:00,2025-11-25 16:19:00,182.89,['3131'],2025-11-25,2025-10-03
313,3_2025-11-25_2025-10-04,F9,IAH,ONT,2025-11-25 14:40:00,2025-11-25 16:19:00,182.91,['3131'],2025-11-25,2025-10-04
314,3_2025-11-25_2025-10-05,F9,IAH,ONT,2025-11-25 14:40:00,2025-11-25 16:19:00,182.91,['3131'],2025-11-25,2025-10-05
315,3_2025-11-26_2025-10-03,F9,IAH,ONT,2025-11-26 14:40:00,2025-11-26 16:19:00,182.89,['3131'],2025-11-26,2025-10-03
316,3_2025-11-26_2025-10-04,F9,IAH,ONT,2025-11-26 14:40:00,2025-11-26 16:19:00,182.91,['3131'],2025-11-26,2025-10-04
317,3_2025-11-26_2025-10-05,F9,IAH,ONT,2025-11-26 14:40:00,2025-11-26 16:19:00,182.91,['3131'],2025-11-26,2025-10-05
318,3_2025-11-27_2025-10-03,UA,IAH,LAX,2025-11-27 14:30:00,2025-11-27 16:15:00,135.59,['1945'],2025-11-27,2025-10-03
319,3_2025-11-27_2025-10-04,UA,IAH,LAX,2025-11-27 14:30:00,2025-11-27 16:15:00,135.61,['1945'],2025-11-27,2025-10-04
320,3_2025-11-27_2025-10-05,UA,IAH,LAX,2025-11-27 14:30:00,2025-11-27 16:15:00,135.61,['1945'],2025-11-27,2025-10-05
321,3_2025-11-28_2025-10-03,UA,IAH,LAX,2025-11-28 22:14:00,2025-11-28 23:59:00,140.97,['1851'],2025-11-28,2025-10-03
322,3_2025-11-28_2025-10-04,UA,IAH,LAX,2025-11-28 14:30:00,2025-11-28 16:15:00,140.99,['1945'],2025-11-28,2025-10-04
323,3_2025-11-28_2025-10-05,UA,IAH,LAX,2025-11-28 14:30:00,2025-11-28 16:15:00,140.99,['1945'],2025-11-28,2025-10-05
324,3_2025-11-29_2025-10-03,AS,IAH,ONT,2025-11-29 07:35:00,2025-11-29 18:17:00,202.38,"['453', '1086']",2025-11-29,2025-10-03
325,3_2025-11-29_2025-10-04,AS,IAH,ONT,2025-11-29 07:35:00,2025-11-29 18:17:00,202.42,"['453', '1086']",2025-11-29,2025-10-04
326,3_2025-11-29_2025-10-05,AS,IAH,ONT,2025-11-29 07:35:00,2025-11-29 18:17:00,202.42,"['453', '1086']",2025-11-29,2025-10-05
327,3_2025-11-30_2025-10-03,AS,IAH,LAX,2025-11-30 17:54:00,2025-12-01 08:25:00,210.98,"['1421', '1165']",2025-11-30,2025-10-03
328,3_2025-11-30_2025-10-04,AS,IAH,LAX,2025-11-30 17:54:00,2025-12-01 08:25:00,211.02,"['1421', '1165']",2025-11-30,2025-10-04
329,3_2025-11-30_2025-10-05,AS,IAH,LAX,2025-11-30 17:54:00,2025-12-01 08:25:00,211.02,"['1421', '1165']",2025-11-30,2025-10-05
330,3_2025-12-01_2025-10-03,F9,IAH,ONT,2025-12-01 14:40:00,2025-12-01 16:19:00,182.89,['3131'],2025-12-01,2025-10-03
331,3_2025-12-01_2025-10-04,F9,IAH,ONT,2025-12-01 14:40:00,2025-12-01 16:19:00,182.91,['3131'],2025-12-01,2025-10-04
332,3_2025-12-01_2025-10-05,F9,IAH,ONT,2025-12-01 14:40:00,2025-12-01 16:19:00,182.91,['3131'],2025-12-01,2025-10-05
333,3_2025-12-02_2025-10-03,UA,IAH,LAX,2025-12-02 07:35:00,2025-12-02 09:27:00,119.47,['2600'],2025-12-02,2025-10-03
334,3_2025-12-02_2025-10-04,UA,IAH,LAX,2025-12-02 07:35:00,2025-12-02 09:27:00,119.49,['2600'],2025-12-02,2025-10-04
335,3_2025-12-02_2025-10-05,UA,IAH,LAX,2025-12-02 07:35:00,2025-12-02 09:27:00,119.49,['2600'],2025-12-02,2025-10-05
336,3_2025-12-03_2025-10-03,F9,IAH,LAX,2025-12-03 09:49:00,2025-12-03 11:43:00,159.24,['1755'],2025-12-03,2025-10-03
337,3_2025-12-03_2025-10-04,AS,IAH,LAX,2025-12-03 07:35:00,2025-12-03 14:40:00,92.29,"['453', '1144']",2025-12-03,2025-10-04
338,3_2025-12-03_2025-10-05,AS,IAH,LAX,2025-12-03 07:35:00,2025-12-03 14:40:00,92.29,"['453', '1144']",2025-12-03,2025-10-05
339,3_2025-12-04_2025-10-03,UA,IAH,LAX,2025-12-04 05:42:00,2025-12-04 07:30:00,116.24,['2431'],2025-12-04,2025-10-03
340,3_2025-12-04_2025-10-04,AS,IAH,LAX,2025-12-04 07:35:00,2025-12-04 15:32:00,92.29,"['453', '1220']",2025-12-04,2025-10-04
341,3_2025-12-04_2025-10-05,AS,IAH,LAX,2025-12-04 07:35:00,2025-12-04 15:32:00,92.29,"['453', '1220']",2025-12-04,2025-10-05
342,3_2025-12-05_2025-10-03,UA,IAH,LAX,2025-12-05 14:30:00,2025-12-05 16:15:00,116.24,['1945'],2025-12-05,2025-10-03
343,3_2025-12-05_2025-10-04,UA,IAH,LAX,2025-12-05 05:42:00,2025-12-05 07:30:00,116.26,['2431'],2025-12-05,2025-10-04
344,3_2025-12-05_2025-10-05,UA,IAH,LAX,2025-12-05 05:42:00,2025-12-05 07:30:00,116.26,['2431'],2025-12-05,2025-10-05
345,3_2025-12-06_2025-10-03,UA,IAH,LAX,2025-12-06 07:35:00,2025-12-06 09:27:00,107.64,['2600'],2025-12-06,2025-10-03
346,3_2025-12-06_2025-10-04,UA,IAH,LAX,2025-12-06 07:35:00,2025-12-06 09:27:00,77.56,['2600'],2025-12-06,2025-10-04
347,3_2025-12-06_2025-10-05,UA,IAH,LAX,2025-12-06 07:35:00,2025-12-06 09:27:00,77.56,['2600'],2025-12-06,2025-10-05
348,3_2025-12-07_2025-10-03,UA,IAH,ONT,2025-12-07 20:00:00,2025-12-07 21:21:00,124.84,['1563'],2025-12-07,2025-10-03
349,3_2025-12-07_2025-10-04,AS,IAH,LAX,2025-12-07 07:35:00,2025-12-07 14:40:00,92.29,"['453', '1144']",2025-12-07,2025-10-04
350,3_2025-12-07_2025-10-05,AS,IAH,LAX,2025-12-07 07:35:00,2025-12-07 14:40:00,92.29,"['453', '1144']",2025-12-07,2025-10-05
351,3_2025-12-08_2025-10-03,UA,IAH,LAX,2025-12-08 16:30:00,2025-12-08 18:10:00,116.24,['1743'],2025-12-08,2025-10-03
352,3_2025-12-08_2025-10-04,AS,IAH,LAX,2025-12-08 07:35:00,2025-12-08 14:40:00,92.29,"['453', '1144']",2025-12-08,2025-10-04
353,3_2025-12-08_2025-10-05,AS,IAH,LAX,2025-12-08 17:54:00,2025-12-08 23:59:00,92.29,"['1421', '1291']",2025-12-08,2025-10-05
354,3_2025-12-09_2025-10-03,UA,IAH,LAX,2025-12-09 14:30:00,2025-12-09 16:15:00,107.64,['1945'],2025-12-09,2025-10-03
355,3_2025-12-09_2025-10-04,UA,IAH,LAX,2025-12-09 05:42:00,2025-12-09 07:30:00,77.56,['2431'],2025-12-09,2025-10-04
356,3_2025-12-09_2025-10-05,UA,IAH,LAX,2025-12-09 05:42:00,2025-12-09 07:30:00,77.56,['2431'],2025-12-09,2025-10-05
357,3_2025-12-10_2025-10-03,UA,IAH,LAX,2025-12-10 14:30:00,2025-12-10 16:15:00,107.64,['1945'],2025-12-10,2025-10-03
358,3_2025-12-10_2025-10-04,UA,IAH,LAX,2025-12-10 14:30:00,2025-12-10 16:15:00,77.56,['1945'],2025-12-10,2025-10-04
359,3_2025-12-10_2025-10-05,UA,IAH,LAX,2025-12-10 14:30:00,2025-12-10 16:15:00,77.56,['1945'],2025-12-10,2025-10-05
360,3_2025-12-11_2025-10-03,UA,IAH,LAX,2025-12-11 14:30:00,2025-12-11 16:15:00,107.64,['1945'],2025-12-11,2025-10-03
361,3_2025-12-11_2025-10-04,AS,IAH,LAX,2025-12-11 17:54:00,2025-12-11 23:59:00,92.29,"['1421', '1291']",2025-12-11,2025-10-04
362,3_2025-12-11_2025-10-05,AS,IAH,LAX,2025-12-11 07:35:00,2025-12-11 14:40:00,92.29,"['453', '1144']",2025-12-11,2025-10-05
363,3_2025-12-12_2025-10-03,UA,IAH,LAX,2025-12-12 14:30:00,2025-12-12 16:15:00,116.24,['1945'],2025-12-12,2025-10-03
364,3_2025-12-12_2025-10-04,UA,IAH,LAX,2025-12-12 14:30:00,2025-12-12 16:15:00,116.26,['1945'],2025-12-12,2025-10-04
365,3_2025-12-12_2025-10-05,UA,IAH,LAX,2025-12-12 14:30:00,2025-12-12 16:15:00,116.26,['1945'],2025-12-12,2025-10-05
366,3_2025-12-13_2025-10-03,UA,IAH,LAX,2025-12-13 07:35:00,2025-12-13 09:27:00,107.64,['2600'],2025-12-13,2025-10-03
367,3_2025-12-13_2025-10-04,UA,IAH,LAX,2025-12-13 07:35:00,2025-12-13 09:27:00,77.56,['2600'],2025-12-13,2025-10-04
368,3_2025-12-13_2025-10-05,AS,IAH,LAX,2025-12-13 07:35:00,2025-12-13 14:40:00,92.29,"['453', '1144']",2025-12-13,2025-10-05
369,3_2025-12-14_2025-10-03,UA,IAH,LAX,2025-12-14 12:00:00,2025-12-14 13:45:00,116.24,['2460'],2025-12-14,2025-10-03
370,3_2025-12-14_2025-10-04,AS,IAH,LAX,2025-12-14 17:54:00,2025-12-14 23:59:00,92.29,"['1421', '1291']",2025-12-14,2025-10-04
371,3_2025-12-14_2025-10-05,AS,IAH,LAX,2025-12-14 17:54:00,2025-12-14 23:59:00,92.29,"['1421', '1291']",2025-12-14,2025-10-05
372,3_2025-12-15_2025-10-03,UA,IAH,LAX,2025-12-15 14:30:00,2025-12-15 16:15:00,107.64,['1945'],2025-12-15,2025-10-03
373,3_2025-12-15_2025-10-04,UA,IAH,LAX,2025-12-15 14:30:00,2025-12-15 16:15:00,77.56,['1945'],2025-12-15,2025-10-04
374,3_2025-12-15_2025-10-05,UA,IAH,LAX,2025-12-15 14:30:00,2025-12-15 16:15:00,77.56,['1945'],2025-12-15,2025-10-05
375,3_2025-12-16_2025-10-03,UA,IAH,LAX,2025-12-16 05:42:00,2025-12-16 07:30:00,107.64,['2431'],2025-12-16,2025-10-03
376,3_2025-12-16_2025-10-04,UA,IAH,LAX,2025-12-16 05:42:00,2025-12-16 07:30:00,77.56,['2431'],2025-12-16,2025-10-04
377,3_2025-12-16_2025-10-05,UA,IAH,LAX,2025-12-16 05:42:00,2025-12-16 07:30:00,77.56,['2431'],2025-12-16,2025-10-05
378,3_2025-12-17_2025-10-03,F9,IAH,LAX,2025-12-17 09:49:00,2025-12-17 11:43:00,159.24,['1755'],2025-12-17,2025-10-03
379,3_2025-12-17_2025-10-04,AS,IAH,LAX,2025-12-17 07:35:00,2025-12-17 14:40:00,92.29,"['453', '1144']",2025-12-17,2025-10-04
380,3_2025-12-17_2025-10-05,AS,IAH,LAX,2025-12-17 07:35:00,2025-12-17 15:32:00,92.29,"['453', '1220']",2025-12-17,2025-10-05
381,3_2025-12-18_2025-10-03,UA,IAH,LAX,2025-12-18 21:35:00,2025-12-18 22:59:00,176.44,['434'],2025-12-18,2025-10-03
382,3_2025-12-18_2025-10-04,UA,IAH,LAX,2025-12-18 21:35:00,2025-12-18 22:59:00,176.46,['434'],2025-12-18,2025-10-04
383,3_2025-12-18_2025-10-05,UA,IAH,LAX,2025-12-18 21:35:00,2025-12-18 22:59:00,176.46,['434'],2025-12-18,2025-10-05
384,3_2025-12-19_2025-10-03,AS,IAH,ONT,2025-12-19 07:35:00,2025-12-19 15:12:00,182.56,"['453', '1118']",2025-12-19,2025-10-03
385,3_2025-12-19_2025-10-04,AS,IAH,ONT,2025-12-19 07:35:00,2025-12-19 15:12:00,182.59,"['453', '1118']",2025-12-19,2025-10-04
386,3_2025-12-19_2025-10-05,AS,IAH,ONT,2025-12-19 07:35:00,2025-12-19 15:12:00,182.59,"['453', '1118']",2025-12-19,2025-10-05
387,3_2025-12-20_2025-10-03,AS,IAH,LAX,2025-12-20 07:35:00,2025-12-20 15:32:00,152.46,"['453', '1220']",2025-12-20,2025-10-03
388,3_2025-12-20_2025-10-04,AS,IAH,LAX,2025-12-20 07:35:00,2025-12-20 15:32:00,153.57,"['453', '1220']",2025-12-20,2025-10-04
389,3_2025-12-20_2025-10-05,AS,IAH,LAX,2025-12-20 07:35:00,2025-12-20 15:32:00,153.57,"['453', '1220']",2025-12-20,2025-10-05
390,3_2025-12-21_2025-10-03,AS,IAH,LAX,2025-12-21 17:54:00,2025-12-21 23:59:00,185.79,"['1421', '1291']",2025-12-21,2025-10-03
391,3_2025-12-21_2025-10-04,UA,IAH,LAX,2025-12-21 20:10:00,2025-12-21 21:55:00,213.01,['2095'],2025-12-21,2025-10-04
392,3_2025-12-21_2025-10-05,UA,IAH,LAX,2025-12-21 20:10:00,2025-12-21 21:55:00,213.01,['2095'],2025-12-21,2025-10-05
393,3_2025-12-22_2025-10-03,UA,IAH,LAX,2025-12-22 14:30:00,2025-12-22 16:15:00,176.44,['1945'],2025-12-22,2025-10-03
394,3_2025-12-22_2025-10-04,UA,IAH,LAX,2025-12-22 20:10:00,2025-12-22 21:55:00,176.46,['2095'],2025-12-22,2025-10-04
395,3_2025-12-22_2025-10-05,UA,IAH,LAX,2025-12-22 14:30:00,2025-12-22 16:15:00,176.46,['1945'],2025-12-22,2025-10-05
396,3_2025-12-23_2025-10-03,UA,IAH,LAX,2025-12-23 20:10:00,2025-12-23 21:55:00,176.44,['2095'],2025-12-23,2025-10-03
397,3_2025-12-23_2025-10-04,UA,IAH,LAX,2025-12-23 05:42:00,2025-12-23 07:30:00,176.46,['2431'],2025-12-23,2025-10-04
398,3_2025-12-23_2025-10-05,UA,IAH,LAX,2025-12-23 05:42:00,2025-12-23 07:30:00,176.46,['2431'],2025-12-23,2025-10-05
399,3_2025-12-24_2025-10-03,UA,IAH,LAX,2025-12-24 12:00:00,2025-12-24 13:45:00,161.39,['2460'],2025-12-24,2025-10-03
400,3_2025-12-24_2025-10-04,UA,IAH,LAX,2025-12-24 12:00:00,2025-12-24 13:45:00,161.41,['2460'],2025-12-24,2025-10-04
401,3_2025-12-24_2025-10-05,UA,IAH,LAX,2025-12-24 14:30:00,2025-12-24 16:15:00,135.61,['1945'],2025-12-24,2025-10-05
402,3_2025-12-25_2025-10-03,UA,IAH,LAX,2025-12-25 05:42:00,2025-12-25 07:30:00,161.39,['2431'],2025-12-25,2025-10-03
403,3_2025-12-25_2025-10-04,UA,IAH,LAX,2025-12-25 09:40:00,2025-12-25 11:25:00,161.41,['469'],2025-12-25,2025-10-04
404,3_2025-12-25_2025-10-05,UA,IAH,LAX,2025-12-25 09:40:00,2025-12-25 11:25:00,161.41,['469'],2025-12-25,2025-10-05
405,3_2025-12-26_2025-10-03,AS,IAH,LAX,2025-12-26 17:54:00,2025-12-26 23:59:00,185.79,"['1421', '1291']",2025-12-26,2025-10-03
406,3_2025-12-26_2025-10-04,AS,IAH,LAX,2025-12-26 18:55:00,2025-12-27 09:44:00,219.62,"['439', '797']",2025-12-26,2025-10-04
407,3_2025-12-26_2025-10-05,AS,IAH,LAX,2025-12-26 18:55:00,2025-12-27 09:44:00,219.62,"['439', '797']",2025-12-26,2025-10-05
408,3_2025-12-27_2025-10-03,AS,IAH,LAX,2025-12-27 07:35:00,2025-12-27 15:32:00,152.46,"['453', '1220']",2025-12-27,2025-10-03
409,3_2025-12-27_2025-10-04,AS,IAH,LAX,2025-12-27 07:35:00,2025-12-27 15:32:00,153.57,"['453', '1220']",2025-12-27,2025-10-04
410,3_2025-12-27_2025-10-05,AS,IAH,LAX,2025-12-27 07:35:00,2025-12-27 15:32:00,153.57,"['453', '1220']",2025-12-27,2025-10-05
411,3_2025-12-28_2025-10-03,AS,IAH,LAX,2025-12-28 07:35:00,2025-12-28 15:32:00,185.79,"['453', '1220']",2025-12-28,2025-10-03
412,3_2025-12-28_2025-10-04,AS,IAH,ONT,2025-12-28 07:35:00,2025-12-28 18:17:00,228.22,"['453', '1086']",2025-12-28,2025-10-04
413,3_2025-12-28_2025-10-05,AS,IAH,ONT,2025-12-28 07:35:00,2025-12-28 18:17:00,228.22,"['453', '1086']",2025-12-28,2025-10-05
414,3_2025-12-29_2025-10-03,F9,IAH,ONT,2025-12-29 14:40:00,2025-12-29 16:11:00,182.89,['3131'],2025-12-29,2025-10-03
415,3_2025-12-29_2025-10-04,F9,IAH,ONT,2025-12-29 14:40:00,2025-12-29 16:11:00,219.46,['3131'],2025-12-29,2025-10-04
416,3_2025-12-29_2025-10-05,AS,IAH,LAX,2025-12-29 19:56:00,2025-12-29 22:00:00,213.01,['6376'],2025-12-29,2025-10-05
417,3_2025-12-30_2025-10-03,AS,IAH,ONT,2025-12-30 07:35:00,2025-12-30 18:17:00,202.38,"['453', '1086']",2025-12-30,2025-10-03
418,3_2025-12-30_2025-10-04,UA,IAH,LAX,2025-12-30 09:40:00,2025-12-30 11:25:00,202.26,['469'],2025-12-30,2025-10-04
419,3_2025-12-30_2025-10-05,F9,IAH,LAX,2025-12-30 10:56:00,2025-12-30 12:48:00,197.96,['1755'],2025-12-30,2025-10-05
420,3_2025-12-31_2025-10-03,AS,IAH,ONT,2025-12-31 07:35:00,2025-12-31 15:12:00,136.34,"['453', '1118']",2025-12-31,2025-10-03
421,3_2025-12-31_2025-10-04,AS,IAH,ONT,2025-12-31 07:35:00,2025-12-31 15:12:00,136.37,"['453', '1118']",2025-12-31,2025-10-04
422,3_2025-12-31_2025-10-05,AS,IAH,ONT,2025-12-31 07:35:00,2025-12-31 15:12:00,136.37,"['453', '1118']",2025-12-31,2025-10-05
423,4_2025-11-15_2025-10-03,UA,IAH,LAX,2025-11-15 21:35:00,2025-11-15 23:21:00,107.64,['434'],2025-11-15,2025-10-03
424,4_2025-11-15_2025-10-04,UA,IAH,LAX,2025-11-15 21:35:00,2025-11-15 23:21:00,77.56,['434'],2025-11-15,2025-10-04
425,4_2025-11-15_2025-10-05,UA,IAH,LAX,2025-11-15 19:50:00,2025-11-15 21:36:00,77.56,['2095'],2025-11-15,2025-10-05
426,4_2025-11-16_2025-10-03,F9,IAH,LAX,2025-11-16 12:01:00,2025-11-16 17:44:00,136.34,"['1703', '3605']",2025-11-16,2025-10-03
427,4_2025-11-16_2025-10-04,UA,IAH,LAX,2025-11-16 07:35:00,2025-11-16 09:27:00,158.19,['2600'],2025-11-16,2025-10-04
428,4_2025-11-16_2025-10-05,F9,IAH,ONT,2025-11-16 17:23:00,2025-11-16 18:49:00,159.26,['3131'],2025-11-16,2025-10-05
429,4_2025-11-17_2025-10-03,F9,IAH,LAX,2025-11-17 06:00:00,2025-11-17 20:27:00,141.11,"['3229', '3155']",2025-11-17,2025-10-03
430,4_2025-11-17_2025-10-04,F9,IAH,ONT,2025-11-17 17:23:00,2025-11-17 18:49:00,159.26,['3131'],2025-11-17,2025-10-04
431,4_2025-11-17_2025-10-05,UA,IAH,LAX,2025-11-17 19:50:00,2025-11-17 21:36:00,158.19,['2095'],2025-11-17,2025-10-05
432,4_2025-11-18_2025-10-03,UA,IAH,LAX,2025-11-18 14:30:00,2025-11-18 16:15:00,107.64,['1945'],2025-11-18,2025-10-03
433,4_2025-11-18_2025-10-04,UA,IAH,LAX,2025-11-18 14:30:00,2025-11-18 16:15:00,77.56,['1945'],2025-11-18,2025-10-04
434,4_2025-11-18_2025-10-05,UA,IAH,LAX,2025-11-18 14:30:00,2025-11-18 16:15:00,77.56,['1945'],2025-11-18,2025-10-05
435,4_2025-11-19_2025-10-03,UA,IAH,LAX,2025-11-19 14:30:00,2025-11-19 16:15:00,107.64,['1945'],2025-11-19,2025-10-03
436,4_2025-11-19_2025-10-04,UA,IAH,LAX,2025-11-19 21:35:00,2025-11-19 23:21:00,77.56,['434'],2025-11-19,2025-10-04
437,4_2025-11-19_2025-10-05,UA,IAH,LAX,2025-11-19 21:35:00,2025-11-19 23:21:00,77.56,['434'],2025-11-19,2025-10-05
438,4_2025-11-20_2025-10-03,F9,IAH,ONT,2025-11-20 14:42:00,2025-11-20 21:06:00,189.01,"['1489', '2231']",2025-11-20,2025-10-03
439,4_2025-11-20_2025-10-04,F9,IAH,ONT,2025-11-20 06:45:00,2025-11-20 11:28:00,190.12,"['3229', '1261']",2025-11-20,2025-10-04
440,4_2025-11-20_2025-10-05,F9,IAH,ONT,2025-11-20 06:45:00,2025-11-20 11:28:00,190.12,"['3229', '1261']",2025-11-20,2025-10-05
441,4_2025-11-21_2025-10-03,F9,IAH,ONT,2025-11-21 06:45:00,2025-11-21 11:28:00,189.01,"['3229', '1261']",2025-11-21,2025-10-03
442,4_2025-11-21_2025-10-04,F9,IAH,ONT,2025-11-21 06:45:00,2025-11-21 11:28:00,190.12,"['3229', '1261']",2025-11-21,2025-10-04
443,4_2025-11-21_2025-10-05,F9,IAH,ONT,2025-11-21 06:45:00,2025-11-21 11:28:00,190.12,"['3229', '1261']",2025-11-21,2025-10-05
444,4_2025-11-22_2025-10-03,F9,IAH,ONT,2025-11-22 11:32:00,2025-11-23 01:04:00,193.78,"['2995', '1499']",2025-11-22,2025-10-03
445,4_2025-11-22_2025-10-04,F9,IAH,ONT,2025-11-22 11:32:00,2025-11-23 01:04:00,194.9,"['2995', '1499']",2025-11-22,2025-10-04
446,4_2025-11-22_2025-10-05,F9,IAH,ONT,2025-11-22 11:32:00,2025-11-23 01:04:00,194.9,"['2995', '1499']",2025-11-22,2025-10-05
447,4_2025-11-23_2025-10-03,F9,IAH,ONT,2025-11-23 06:45:00,2025-11-23 11:28:00,189.01,"['3229', '1261']",2025-11-23,2025-10-03
448,4_2025-11-23_2025-10-04,F9,IAH,ONT,2025-11-23 06:45:00,2025-11-23 11:28:00,190.12,"['3229', '1261']",2025-11-23,2025-10-04
449,4_2025-11-23_2025-10-05,F9,IAH,ONT,2025-11-23 06:45:00,2025-11-23 11:28:00,190.12,"['3229', '1261']",2025-11-23,2025-10-05
450,4_2025-11-24_2025-10-03,UA,IAH,LAX,2025-11-24 16:30:00,2025-11-24 18:10:00,135.59,['1743'],2025-11-24,2025-10-03
451,4_2025-11-24_2025-10-04,UA,IAH,LAX,2025-11-24 12:00:00,2025-11-24 13:45:00,135.61,['2460'],2025-11-24,2025-10-04
452,4_2025-11-24_2025-10-05,UA,IAH,LAX,2025-11-24 12:00:00,2025-11-24 13:45:00,135.61,['2460'],2025-11-24,2025-10-05
453,4_2025-11-25_2025-10-03,F9,IAH,ONT,2025-11-25 06:45:00,2025-11-25 12:51:00,189.01,"['3229', '1261']",2025-11-25,2025-10-03
454,4_2025-11-25_2025-10-04,AS,IAH,LAX,2025-11-25 17:54:00,2025-11-26 08:25:00,193.82,"['1421', '1165']",2025-11-25,2025-10-04
455,4_2025-11-25_2025-10-05,AS,IAH,LAX,2025-11-25 17:54:00,2025-11-26 08:25:00,193.82,"['1421', '1165']",2025-11-25,2025-10-05
456,4_2025-11-26_2025-10-03,F9,IAH,ONT,2025-11-26 06:45:00,2025-11-26 11:28:00,189.01,"['3229', '1261']",2025-11-26,2025-10-03
457,4_2025-11-26_2025-10-04,AS,IAH,ONT,2025-11-26 07:35:00,2025-11-26 18:17:00,202.42,"['453', '1086']",2025-11-26,2025-10-04
458,4_2025-11-26_2025-10-05,AS,IAH,ONT,2025-11-26 07:35:00,2025-11-26 18:17:00,202.42,"['453', '1086']",2025-11-26,2025-10-05
459,4_2025-11-27_2025-10-03,UA,IAH,LAX,2025-11-27 07:35:00,2025-11-27 09:27:00,135.59,['2600'],2025-11-27,2025-10-03
460,4_2025-11-27_2025-10-04,UA,IAH,LAX,2025-11-27 07:35:00,2025-11-27 09:27:00,135.61,['2600'],2025-11-27,2025-10-04
461,4_2025-11-27_2025-10-05,UA,IAH,LAX,2025-11-27 07:35:00,2025-11-27 09:27:00,135.61,['2600'],2025-11-27,2025-10-05
462,4_2025-11-28_2025-10-03,UA,IAH,LAX,2025-11-28 19:50:00,2025-11-28 21:36:00,140.97,['2095'],2025-11-28,2025-10-03
463,4_2025-11-28_2025-10-04,UA,IAH,LAX,2025-11-28 22:14:00,2025-11-28 23:59:00,140.99,['1851'],2025-11-28,2025-10-04
464,4_2025-11-28_2025-10-05,UA,IAH,LAX,2025-11-28 22:14:00,2025-11-28 23:59:00,140.99,['1851'],2025-11-28,2025-10-05
465,4_2025-11-29_2025-10-03,AS,IAH,LAX,2025-11-29 17:54:00,2025-11-30 08:25:00,202.38,"['1421', '1165']",2025-11-29,2025-10-03
466,4_2025-11-29_2025-10-04,AS,IAH,LAX,2025-11-29 17:54:00,2025-11-30 08:25:00,202.42,"['1421', '1165']",2025-11-29,2025-10-04
467,4_2025-11-29_2025-10-05,AS,IAH,LAX,2025-11-29 17:54:00,2025-11-30 08:25:00,202.42,"['1421', '1165']",2025-11-29,2025-10-05
468,4_2025-11-30_2025-10-03,AS,IAH,ONT,2025-11-30 07:35:00,2025-11-30 18:17:00,227.11,"['453', '1086']",2025-11-30,2025-10-03
469,4_2025-11-30_2025-10-04,AS,IAH,ONT,2025-11-30 07:35:00,2025-11-30 18:17:00,228.22,"['453', '1086']",2025-11-30,2025-10-04
470,4_2025-11-30_2025-10-05,AS,IAH,ONT,2025-11-30 07:35:00,2025-11-30 18:17:00,228.22,"['453', '1086']",2025-11-30,2025-10-05
471,4_2025-12-01_2025-10-03,F9,IAH,ONT,2025-12-01 06:45:00,2025-12-01 11:28:00,189.01,"['3229', '1261']",2025-12-01,2025-10-03
472,4_2025-12-01_2025-10-04,F9,IAH,ONT,2025-12-01 06:45:00,2025-12-01 11:28:00,190.12,"['3229', '1261']",2025-12-01,2025-10-04
473,4_2025-12-01_2025-10-05,F9,IAH,ONT,2025-12-01 06:45:00,2025-12-01 11:28:00,190.12,"['3229', '1261']",2025-12-01,2025-10-05
474,4_2025-12-02_2025-10-03,AS,IAH,ONT,2025-12-02 07:35:00,2025-12-02 15:12:00,136.34,"['453', '1118']",2025-12-02,2025-10-03
475,4_2025-12-02_2025-10-04,AS,IAH,ONT,2025-12-02 07:35:00,2025-12-02 15:12:00,136.37,"['453', '1118']",2025-12-02,2025-10-04
476,4_2025-12-02_2025-10-05,AS,IAH,ONT,2025-12-02 07:35:00,2025-12-02 15:12:00,136.37,"['453', '1118']",2025-12-02,2025-10-05
477,4_2025-12-03_2025-10-03,UA,IAH,LAX,2025-12-03 16:30:00,2025-12-03 18:10:00,161.39,['1743'],2025-12-03,2025-10-03
478,4_2025-12-03_2025-10-04,AS,IAH,LAX,2025-12-03 07:35:00,2025-12-03 15:32:00,92.29,"['453', '1220']",2025-12-03,2025-10-04
479,4_2025-12-03_2025-10-05,AS,IAH,LAX,2025-12-03 07:35:00,2025-12-03 15:32:00,92.29,"['453', '1220']",2025-12-03,2025-10-05
480,4_2025-12-04_2025-10-03,UA,IAH,LAX,2025-12-04 16:30:00,2025-12-04 18:10:00,161.39,['1743'],2025-12-04,2025-10-03
481,4_2025-12-04_2025-10-04,AS,IAH,ONT,2025-12-04 07:35:00,2025-12-04 15:12:00,99.82,"['453', '1118']",2025-12-04,2025-10-04
482,4_2025-12-04_2025-10-05,AS,IAH,ONT,2025-12-04 07:35:00,2025-12-04 15:12:00,99.82,"['453', '1118']",2025-12-04,2025-10-05
483,4_2025-12-05_2025-10-03,UA,IAH,LAX,2025-12-05 05:42:00,2025-12-05 07:30:00,116.24,['2431'],2025-12-05,2025-10-03
484,4_2025-12-05_2025-10-04,UA,IAH,LAX,2025-12-05 19:50:00,2025-12-05 21:36:00,158.19,['2095'],2025-12-05,2025-10-04
485,4_2025-12-05_2025-10-05,UA,IAH,LAX,2025-12-05 14:30:00,2025-12-05 16:15:00,158.19,['1945'],2025-12-05,2025-10-05
486,4_2025-12-06_2025-10-03,UA,IAH,LAX,2025-12-06 14:30:00,2025-12-06 16:15:00,107.64,['1945'],2025-12-06,2025-10-03
487,4_2025-12-06_2025-10-04,UA,IAH,LAX,2025-12-06 14:30:00,2025-12-06 16:15:00,77.56,['1945'],2025-12-06,2025-10-04
488,4_2025-12-06_2025-10-05,UA,IAH,LAX,2025-12-06 14:30:00,2025-12-06 16:15:00,77.56,['1945'],2025-12-06,2025-10-05
489,4_2025-12-07_2025-10-03,F9,IAH,ONT,2025-12-07 14:25:00,2025-12-07 15:56:00,159.24,['3131'],2025-12-07,2025-10-03
490,4_2025-12-07_2025-10-04,AS,IAH,LAX,2025-12-07 07:35:00,2025-12-07 15:32:00,92.29,"['453', '1220']",2025-12-07,2025-10-04
491,4_2025-12-07_2025-10-05,AS,IAH,LAX,2025-12-07 07:35:00,2025-12-07 15:32:00,92.29,"['453', '1220']",2025-12-07,2025-10-05
492,4_2025-12-08_2025-10-03,UA,IAH,LAX,2025-12-08 12:00:00,2025-12-08 13:45:00,116.24,['2460'],2025-12-08,2025-10-03
493,4_2025-12-08_2025-10-04,AS,IAH,LAX,2025-12-08 07:35:00,2025-12-08 15:32:00,92.29,"['453', '1220']",2025-12-08,2025-10-04
494,4_2025-12-08_2025-10-05,AS,IAH,LAX,2025-12-08 07:35:00,2025-12-08 14:40:00,92.29,"['453', '1144']",2025-12-08,2025-10-05
495,4_2025-12-09_2025-10-03,UA,IAH,LAX,2025-12-09 05:42:00,2025-12-09 07:30:00,107.64,['2431'],2025-12-09,2025-10-03
496,4_2025-12-09_2025-10-04,UA,IAH,LAX,2025-12-09 07:35:00,2025-12-09 09:27:00,77.56,['2600'],2025-12-09,2025-10-04
497,4_2025-12-09_2025-10-05,UA,IAH,LAX,2025-12-09 07:35:00,2025-12-09 09:27:00,77.56,['2600'],2025-12-09,2025-10-05
498,4_2025-12-10_2025-10-03,UA,IAH,LAX,2025-12-10 05:42:00,2025-12-10 07:30:00,107.64,['2431'],2025-12-10,2025-10-03
499,4_2025-12-10_2025-10-04,UA,IAH,LAX,2025-12-10 05:42:00,2025-12-10 07:30:00,77.56,['2431'],2025-12-10,2025-10-04
500,4_2025-12-10_2025-10-05,UA,IAH,LAX,2025-12-10 05:42:00,2025-12-10 07:30:00,77.56,['2431'],2025-12-10,2025-10-05
501,4_2025-12-11_2025-10-03,UA,IAH,LAX,2025-12-11 19:50:00,2025-12-11 21:36:00,116.24,['2095'],2025-12-11,2025-10-03
502,4_2025-12-11_2025-10-04,AS,IAH,LAX,2025-12-11 07:35:00,2025-12-11 14:40:00,92.29,"['453', '1144']",2025-12-11,2025-10-04
503,4_2025-12-11_2025-10-05,AS,IAH,LAX,2025-12-11 07:35:00,2025-12-11 15:32:00,92.29,"['453', '1220']",2025-12-11,2025-10-05
504,4_2025-12-12_2025-10-03,UA,IAH,LAX,2025-12-12 19:50:00,2025-12-12 21:36:00,116.24,['2095'],2025-12-12,2025-10-03
505,4_2025-12-12_2025-10-04,UA,IAH,LAX,2025-12-12 05:42:00,2025-12-12 07:30:00,116.26,['2431'],2025-12-12,2025-10-04
506,4_2025-12-12_2025-10-05,UA,IAH,LAX,2025-12-12 19:50:00,2025-12-12 21:36:00,116.26,['2095'],2025-12-12,2025-10-05
507,4_2025-12-13_2025-10-03,UA,IAH,LAX,2025-12-13 12:00:00,2025-12-13 13:45:00,107.64,['2460'],2025-12-13,2025-10-03
508,4_2025-12-13_2025-10-04,UA,IAH,LAX,2025-12-13 14:30:00,2025-12-13 16:15:00,77.56,['1945'],2025-12-13,2025-10-04
509,4_2025-12-13_2025-10-05,AS,IAH,LAX,2025-12-13 07:35:00,2025-12-13 15:32:00,92.29,"['453', '1220']",2025-12-13,2025-10-05
510,4_2025-12-14_2025-10-03,UA,IAH,ONT,2025-12-14 20:00:00,2025-12-14 21:21:00,124.84,['1563'],2025-12-14,2025-10-03
511,4_2025-12-14_2025-10-04,F9,IAH,ONT,2025-12-14 14:25:00,2025-12-14 15:56:00,158.19,['3131'],2025-12-14,2025-10-04
512,4_2025-12-14_2025-10-05,UA,IAH,LAX,2025-12-14 14:30:00,2025-12-14 16:15:00,116.26,['1945'],2025-12-14,2025-10-05
513,4_2025-12-15_2025-10-03,UA,IAH,LAX,2025-12-15 05:42:00,2025-12-15 07:30:00,107.64,['2431'],2025-12-15,2025-10-03
514,4_2025-12-15_2025-10-04,UA,IAH,LAX,2025-12-15 05:42:00,2025-12-15 07:30:00,77.56,['2431'],2025-12-15,2025-10-04
515,4_2025-12-15_2025-10-05,UA,IAH,LAX,2025-12-15 05:42:00,2025-12-15 07:30:00,77.56,['2431'],2025-12-15,2025-10-05
516,4_2025-12-16_2025-10-03,UA,IAH,LAX,2025-12-16 07:35:00,2025-12-16 09:27:00,107.64,['2600'],2025-12-16,2025-10-03
517,4_2025-12-16_2025-10-04,UA,IAH,LAX,2025-12-16 07:35:00,2025-12-16 09:27:00,77.56,['2600'],2025-12-16,2025-10-04
518,4_2025-12-16_2025-10-05,UA,IAH,LAX,2025-12-16 07:35:00,2025-12-16 09:27:00,77.56,['2600'],2025-12-16,2025-10-05
519,4_2025-12-17_2025-10-03,UA,IAH,LAX,2025-12-17 16:30:00,2025-12-17 18:10:00,161.39,['1743'],2025-12-17,2025-10-03
520,4_2025-12-17_2025-10-04,AS,IAH,LAX,2025-12-17 07:35:00,2025-12-17 15:32:00,92.29,"['453', '1220']",2025-12-17,2025-10-04
521,4_2025-12-17_2025-10-05,AS,IAH,ONT,2025-12-17 07:35:00,2025-12-17 15:12:00,99.82,"['453', '1118']",2025-12-17,2025-10-05
522,4_2025-12-18_2025-10-03,UA,IAH,LAX,2025-12-18 16:30:00,2025-12-18 18:10:00,176.44,['1743'],2025-12-18,2025-10-03
523,4_2025-12-18_2025-10-04,UA,IAH,LAX,2025-12-18 16:30:00,2025-12-18 18:10:00,176.46,['1743'],2025-12-18,2025-10-04
524,4_2025-12-18_2025-10-05,UA,IAH,LAX,2025-12-18 16:30:00,2025-12-18 18:10:00,176.46,['1743'],2025-12-18,2025-10-05
525,4_2025-12-19_2025-10-03,AS,IAH,LAX,2025-12-19 17:54:00,2025-12-19 23:59:00,185.79,"['1421', '1291']",2025-12-19,2025-10-03
526,4_2025-12-19_2025-10-04,AS,IAH,LAX,2025-12-19 17:54:00,2025-12-19 23:59:00,185.82,"['1421', '1291']",2025-12-19,2025-10-04
527,4_2025-12-19_2025-10-05,AS,IAH,LAX,2025-12-19 17:54:00,2025-12-19 23:59:00,185.82,"['1421', '1291']",2025-12-19,2025-10-05
528,4_2025-12-20_2025-10-03,F9,IAH,LAX,2025-12-20 10:56:00,2025-12-20 12:48:00,163.54,['1755'],2025-12-20,2025-10-03
529,4_2025-12-20_2025-10-04,AS,IAH,ONT,2025-12-20 07:35:00,2025-12-20 18:17:00,202.42,"['453', '1086']",2025-12-20,2025-10-04
530,4_2025-12-20_2025-10-05,AS,IAH,ONT,2025-12-20 07:35:00,2025-12-20 18:17:00,202.42,"['453', '1086']",2025-12-20,2025-10-05
531,4_2025-12-21_2025-10-03,AS,IAH,LAX,2025-12-21 07:35:00,2025-12-21 14:40:00,185.79,"['453', '1144']",2025-12-21,2025-10-03
532,4_2025-12-21_2025-10-04,UA,IAH,LAX,2025-12-21 05:42:00,2025-12-21 07:30:00,213.01,['2431'],2025-12-21,2025-10-04
533,4_2025-12-21_2025-10-05,UA,IAH,LAX,2025-12-21 05:42:00,2025-12-21 07:30:00,213.01,['2431'],2025-12-21,2025-10-05
534,4_2025-12-22_2025-10-03,UA,IAH,LAX,2025-12-22 20:10:00,2025-12-22 21:55:00,176.44,['2095'],2025-12-22,2025-10-03
535,4_2025-12-22_2025-10-04,UA,IAH,LAX,2025-12-22 05:42:00,2025-12-22 07:30:00,176.46,['2431'],2025-12-22,2025-10-04
536,4_2025-12-22_2025-10-05,UA,IAH,LAX,2025-12-22 20:10:00,2025-12-22 21:55:00,176.46,['2095'],2025-12-22,2025-10-05
537,4_2025-12-23_2025-10-03,UA,IAH,LAX,2025-12-23 05:42:00,2025-12-23 07:30:00,176.44,['2431'],2025-12-23,2025-10-03
538,4_2025-12-23_2025-10-04,AS,IAH,LAX,2025-12-23 17:54:00,2025-12-24 08:25:00,193.82,"['1421', '1165']",2025-12-23,2025-10-04
539,4_2025-12-23_2025-10-05,AS,IAH,LAX,2025-12-23 17:54:00,2025-12-24 08:25:00,193.82,"['1421', '1165']",2025-12-23,2025-10-05
540,4_2025-12-24_2025-10-03,UA,IAH,LAX,2025-12-24 14:30:00,2025-12-24 16:15:00,161.39,['1945'],2025-12-24,2025-10-03
541,4_2025-12-24_2025-10-04,UA,IAH,LAX,2025-12-24 14:30:00,2025-12-24 16:15:00,161.41,['1945'],2025-12-24,2025-10-04
542,4_2025-12-24_2025-10-05,UA,IAH,LAX,2025-12-24 20:10:00,2025-12-24 21:55:00,135.61,['2095'],2025-12-24,2025-10-05
543,4_2025-12-25_2025-10-03,UA,IAH,LAX,2025-12-25 14:30:00,2025-12-25 16:15:00,161.39,['1945'],2025-12-25,2025-10-03
544,4_2025-12-25_2025-10-04,UA,IAH,LAX,2025-12-25 05:42:00,2025-12-25 07:30:00,161.41,['2431'],2025-12-25,2025-10-04
545,4_2025-12-25_2025-10-05,UA,IAH,LAX,2025-12-25 14:30:00,2025-12-25 16:15:00,161.41,['1945'],2025-12-25,2025-10-05
546,4_2025-12-26_2025-10-03,AS,IAH,LAX,2025-12-26 07:35:00,2025-12-26 14:40:00,185.79,"['453', '1144']",2025-12-26,2025-10-03
547,4_2025-12-26_2025-10-04,AS,IAH,ONT,2025-12-26 18:55:00,2025-12-27 10:39:00,219.62,"['439', '1254']",2025-12-26,2025-10-04
548,4_2025-12-26_2025-10-05,AS,IAH,ONT,2025-12-26 18:55:00,2025-12-27 10:39:00,219.62,"['439', '1254']",2025-12-26,2025-10-05
549,4_2025-12-27_2025-10-03,F9,IAH,LAX,2025-12-27 10:56:00,2025-12-27 12:48:00,163.54,['1755'],2025-12-27,2025-10-03
550,4_2025-12-27_2025-10-04,AS,IAH,ONT,2025-12-27 07:35:00,2025-12-27 18:17:00,202.42,"['453', '1086']",2025-12-27,2025-10-04
551,4_2025-12-27_2025-10-05,AS,IAH,ONT,2025-12-27 07:35:00,2025-12-27 18:17:00,202.42,"['453', '1086']",2025-12-27,2025-10-05
552,4_2025-12-28_2025-10-03,UA,IAH,LAX,2025-12-28 05:42:00,2025-12-28 07:30:00,212.99,['2431'],2025-12-28,2025-10-03
553,4_2025-12-28_2025-10-04,AS,IAH,ONT,2025-12-28 18:55:00,2025-12-29 10:39:00,228.22,"['439', '1254']",2025-12-28,2025-10-04
554,4_2025-12-28_2025-10-05,AS,IAH,ONT,2025-12-28 18:55:00,2025-12-29 10:39:00,228.22,"['439', '1254']",2025-12-28,2025-10-05
555,4_2025-12-29_2025-10-03,AS,IAH,LAX,2025-12-29 17:54:00,2025-12-29 23:59:00,185.79,"['1421', '1291']",2025-12-29,2025-10-03
556,4_2025-12-29_2025-10-04,AS,IAH,LAX,2025-12-29 18:55:00,2025-12-30 08:44:00,219.62,"['439', '1316']",2025-12-29,2025-10-04
557,4_2025-12-29_2025-10-05,F9,IAH,ONT,2025-12-29 14:40:00,2025-12-29 16:11:00,219.46,['3131'],2025-12-29,2025-10-05
558,4_2025-12-30_2025-10-03,AS,IAH,ONT,2025-12-30 18:55:00,2025-12-31 10:39:00,202.38,"['439', '1254']",2025-12-30,2025-10-03
559,4_2025-12-30_2025-10-04,UA,IAH,LAX,2025-12-30 05:42:00,2025-12-30 07:30:00,202.26,['2431'],2025-12-30,2025-10-04
560,4_2025-12-30_2025-10-05,UA,IAH,LAX,2025-12-30 05:42:00,2025-12-30 07:30:00,202.26,['2431'],2025-12-30,2025-10-05
561,4_2025-12-31_2025-10-03,UA,IAH,LAX,2025-12-31 12:00:00,2025-12-31 13:45:00,161.39,['2460'],2025-12-31,2025-10-03
562,4_2025-12-31_2025-10-04,UA,IAH,LAX,2025-12-31 09:40:00,2025-12-31 11:25:00,161.41,['469'],2025-12-31,2025-10-04
563,4_2025-12-31_2025-10-05,UA,IAH,LAX,2025-12-31 09:40:00,2025-12-31 11:25:00,161.41,['469'],2025-12-31,2025-10-05
564,5_2025-11-15_2025-10-03,UA,IAH,LAX,2025-11-15 05:42:00,2025-11-15 07:30:00,107.64,['2431'],2025-11-15,2025-10-03
565,5_2025-11-15_2025-10-04,UA,IAH,LAX,2025-11-15 05:42:00,2025-11-15 07:30:00,77.56,['2431'],2025-11-15,2025-10-04
566,5_2025-11-15_2025-10-05,UA,IAH,LAX,2025-11-15 21:35:00,2025-11-15 23:21:00,77.56,['434'],2025-11-15,2025-10-05
567,5_2025-11-16_2025-10-03,F9,IAH,LAX,2025-11-16 06:06:00,2025-11-16 12:28:00,136.34,"['1404', '4315']",2025-11-16,2025-10-03
568,5_2025-11-16_2025-10-04,F9,IAH,ONT,2025-11-16 17:23:00,2025-11-16 18:49:00,159.26,['3131'],2025-11-16,2025-10-04
569,5_2025-11-16_2025-10-05,F9,IAH,LAX,2025-11-16 11:37:00,2025-11-16 13:15:00,161.41,['1755'],2025-11-16,2025-10-05
570,5_2025-11-17_2025-10-03,F9,IAH,LAX,2025-11-17 20:47:00,2025-11-18 13:18:00,141.11,"['3227', '2341']",2025-11-17,2025-10-03
571,5_2025-11-17_2025-10-04,F9,IAH,LAX,2025-11-17 11:37:00,2025-11-17 13:15:00,161.41,['1755'],2025-11-17,2025-10-04
572,5_2025-11-17_2025-10-05,F9,IAH,ONT,2025-11-17 17:23:00,2025-11-17 18:49:00,159.26,['3131'],2025-11-17,2025-10-05
573,5_2025-11-18_2025-10-03,UA,IAH,LAX,2025-11-18 19:50:00,2025-11-18 21:36:00,107.64,['2095'],2025-11-18,2025-10-03
574,5_2025-11-18_2025-10-04,UA,IAH,LAX,2025-11-18 19:50:00,2025-11-18 21:36:00,77.56,['2095'],2025-11-18,2025-10-04
575,5_2025-11-18_2025-10-05,UA,IAH,LAX,2025-11-18 19:50:00,2025-11-18 21:36:00,77.56,['2095'],2025-11-18,2025-10-05
576,5_2025-11-19_2025-10-03,UA,IAH,LAX,2025-11-19 21:35:00,2025-11-19 23:21:00,107.64,['434'],2025-11-19,2025-10-03
577,5_2025-11-19_2025-10-04,UA,IAH,LAX,2025-11-19 05:42:00,2025-11-19 07:30:00,77.56,['2431'],2025-11-19,2025-10-04
578,5_2025-11-19_2025-10-05,AS,IAH,LAX,2025-11-19 17:54:00,2025-11-19 23:59:00,92.29,"['1421', '1291']",2025-11-19,2025-10-05
579,5_2025-11-20_2025-10-03,F9,IAH,ONT,2025-11-20 11:32:00,2025-11-21 01:04:00,193.78,"['2995', '1499']",2025-11-20,2025-10-03
580,5_2025-11-20_2025-10-04,F9,IAH,ONT,2025-11-20 14:42:00,2025-11-20 21:06:00,190.12,"['1489', '2231']",2025-11-20,2025-10-04
581,5_2025-11-20_2025-10-05,F9,IAH,ONT,2025-11-20 14:42:00,2025-11-20 21:06:00,190.12,"['1489', '2231']",2025-11-20,2025-10-05
582,5_2025-11-21_2025-10-03,F9,IAH,ONT,2025-11-21 14:32:00,2025-11-22 01:04:00,193.78,"['3227', '1499']",2025-11-21,2025-10-03
583,5_2025-11-21_2025-10-04,F9,IAH,ONT,2025-11-21 14:32:00,2025-11-22 01:04:00,194.9,"['3227', '1499']",2025-11-21,2025-10-04
584,5_2025-11-21_2025-10-05,F9,IAH,ONT,2025-11-21 14:32:00,2025-11-22 01:04:00,194.9,"['3227', '1499']",2025-11-21,2025-10-05
585,5_2025-11-22_2025-10-03,F9,IAH,ONT,2025-11-22 06:45:00,2025-11-23 01:04:00,193.78,"['3229', '1499']",2025-11-22,2025-10-03
586,5_2025-11-22_2025-10-04,F9,IAH,ONT,2025-11-22 06:45:00,2025-11-23 01:04:00,194.9,"['3229', '1499']",2025-11-22,2025-10-04
587,5_2025-11-22_2025-10-05,F9,IAH,ONT,2025-11-22 06:45:00,2025-11-23 01:04:00,194.9,"['3229', '1499']",2025-11-22,2025-10-05
588,5_2025-11-23_2025-10-03,F9,IAH,ONT,2025-11-23 11:32:00,2025-11-24 01:04:00,193.78,"['2995', '1499']",2025-11-23,2025-10-03
589,5_2025-11-23_2025-10-04,F9,IAH,ONT,2025-11-23 11:32:00,2025-11-24 01:04:00,194.9,"['2995', '1499']",2025-11-23,2025-10-04
590,5_2025-11-23_2025-10-05,F9,IAH,ONT,2025-11-23 11:32:00,2025-11-24 01:04:00,194.9,"['2995', '1499']",2025-11-23,2025-10-05
591,5_2025-11-24_2025-10-03,UA,IAH,LAX,2025-11-24 12:00:00,2025-11-24 13:45:00,135.59,['2460'],2025-11-24,2025-10-03
592,5_2025-11-24_2025-10-04,UA,IAH,LAX,2025-11-24 14:30:00,2025-11-24 16:15:00,135.61,['1945'],2025-11-24,2025-10-04
593,5_2025-11-24_2025-10-05,UA,IAH,LAX,2025-11-24 14:30:00,2025-11-24 16:15:00,135.61,['1945'],2025-11-24,2025-10-05
594,5_2025-11-25_2025-10-03,F9,IAH,ONT,2025-11-25 11:32:00,2025-11-26 01:04:00,193.78,"['2995', '1499']",2025-11-25,2025-10-03
595,5_2025-11-25_2025-10-04,AS,IAH,ONT,2025-11-25 07:35:00,2025-11-25 18:17:00,202.42,"['453', '1086']",2025-11-25,2025-10-04
596,5_2025-11-25_2025-10-05,AS,IAH,ONT,2025-11-25 07:35:00,2025-11-25 18:17:00,202.42,"['453', '1086']",2025-11-25,2025-10-05
597,5_2025-11-26_2025-10-03,F9,IAH,ONT,2025-11-26 11:32:00,2025-11-27 01:04:00,193.78,"['2995', '1499']",2025-11-26,2025-10-03
598,5_2025-11-26_2025-10-04,AS,IAH,LAX,2025-11-26 17:54:00,2025-11-27 08:25:00,202.42,"['1421', '1165']",2025-11-26,2025-10-04
599,5_2025-11-26_2025-10-05,AS,IAH,LAX,2025-11-26 17:54:00,2025-11-27 08:25:00,202.42,"['1421', '1165']",2025-11-26,2025-10-05
600,5_2025-11-27_2025-10-03,UA,IAH,LAX,2025-11-27 05:42:00,2025-11-27 07:30:00,135.59,['2431'],2025-11-27,2025-10-03
601,5_2025-11-27_2025-10-04,AS,IAH,ONT,2025-11-27 07:35:00,2025-11-27 15:12:00,147.12,"['453', '1118']",2025-11-27,2025-10-04
602,5_2025-11-27_2025-10-05,AS,IAH,ONT,2025-11-27 07:35:00,2025-11-27 15:12:00,147.12,"['453', '1118']",2025-11-27,2025-10-05
603,5_2025-11-28_2025-10-03,UA,IAH,LAX,2025-11-28 07:35:00,2025-11-28 09:27:00,140.97,['2600'],2025-11-28,2025-10-03
604,5_2025-11-28_2025-10-04,UA,IAH,LAX,2025-11-28 19:50:00,2025-11-28 21:36:00,140.99,['2095'],2025-11-28,2025-10-04
605,5_2025-11-28_2025-10-05,UA,IAH,LAX,2025-11-28 19:50:00,2025-11-28 21:36:00,140.99,['2095'],2025-11-28,2025-10-05
606,5_2025-11-29_2025-10-03,AS,IAH,LAX,2025-11-29 18:55:00,2025-11-30 08:44:00,210.98,"['439', '1316']",2025-11-29,2025-10-03
607,5_2025-11-29_2025-10-04,AS,IAH,LAX,2025-11-29 18:55:00,2025-11-30 08:44:00,211.02,"['439', '1316']",2025-11-29,2025-10-04
608,5_2025-11-29_2025-10-05,AS,IAH,LAX,2025-11-29 18:55:00,2025-11-30 08:44:00,211.02,"['439', '1316']",2025-11-29,2025-10-05
609,5_2025-11-30_2025-10-03,AS,IAH,ONT,2025-11-30 18:55:00,2025-12-01 10:39:00,227.11,"['439', '1254']",2025-11-30,2025-10-03
610,5_2025-11-30_2025-10-04,AS,IAH,ONT,2025-11-30 18:55:00,2025-12-01 10:39:00,228.22,"['439', '1254']",2025-11-30,2025-10-04
611,5_2025-11-30_2025-10-05,AS,IAH,ONT,2025-11-30 18:55:00,2025-12-01 10:39:00,228.22,"['439', '1254']",2025-11-30,2025-10-05
612,5_2025-12-01_2025-10-03,F9,IAH,ONT,2025-12-01 14:32:00,2025-12-02 01:04:00,193.78,"['3227', '1499']",2025-12-01,2025-10-03
613,5_2025-12-01_2025-10-04,F9,IAH,ONT,2025-12-01 14:32:00,2025-12-02 01:04:00,194.9,"['3227', '1499']",2025-12-01,2025-10-04
614,5_2025-12-01_2025-10-05,F9,IAH,ONT,2025-12-01 14:32:00,2025-12-02 01:04:00,194.9,"['3227', '1499']",2025-12-01,2025-10-05
615,5_2025-12-02_2025-10-03,F9,IAH,LAX,2025-12-02 09:49:00,2025-12-02 11:43:00,157.09,['1755'],2025-12-02,2025-10-03
616,5_2025-12-02_2025-10-04,F9,IAH,LAX,2025-12-02 09:49:00,2025-12-02 11:43:00,157.11,['1755'],2025-12-02,2025-10-04
617,5_2025-12-02_2025-10-05,F9,IAH,LAX,2025-12-02 09:49:00,2025-12-02 11:43:00,157.11,['1755'],2025-12-02,2025-10-05
618,5_2025-12-03_2025-10-03,UA,IAH,LAX,2025-12-03 14:30:00,2025-12-03 16:15:00,161.39,['1945'],2025-12-03,2025-10-03
619,5_2025-12-03_2025-10-04,AS,IAH,ONT,2025-12-03 07:35:00,2025-12-03 15:12:00,99.82,"['453', '1118']",2025-12-03,2025-10-04
620,5_2025-12-03_2025-10-05,AS,IAH,ONT,2025-12-03 07:35:00,2025-12-03 15:12:00,99.82,"['453', '1118']",2025-12-03,2025-10-05
621,5_2025-12-04_2025-10-03,UA,IAH,LAX,2025-12-04 19:50:00,2025-12-04 21:36:00,161.39,['2095'],2025-12-04,2025-10-03
622,5_2025-12-04_2025-10-04,UA,IAH,LAX,2025-12-04 16:30:00,2025-12-04 18:10:00,158.19,['1743'],2025-12-04,2025-10-04
623,5_2025-12-04_2025-10-05,UA,IAH,LAX,2025-12-04 16:30:00,2025-12-04 18:10:00,158.19,['1743'],2025-12-04,2025-10-05
624,5_2025-12-05_2025-10-03,UA,IAH,LAX,2025-12-05 07:35:00,2025-12-05 09:27:00,116.24,['2600'],2025-12-05,2025-10-03
625,5_2025-12-05_2025-10-04,F9,IAH,ONT,2025-12-05 14:25:00,2025-12-05 15:56:00,159.26,['3131'],2025-12-05,2025-10-04
626,5_2025-12-05_2025-10-05,UA,IAH,LAX,2025-12-05 19:50:00,2025-12-05 21:36:00,158.19,['2095'],2025-12-05,2025-10-05
627,5_2025-12-06_2025-10-03,UA,IAH,LAX,2025-12-06 12:00:00,2025-12-06 13:45:00,116.24,['2460'],2025-12-06,2025-10-03
628,5_2025-12-06_2025-10-04,AS,IAH,LAX,2025-12-06 17:54:00,2025-12-06 23:59:00,92.29,"['1421', '1291']",2025-12-06,2025-10-04
629,5_2025-12-06_2025-10-05,AS,IAH,LAX,2025-12-06 17:54:00,2025-12-06 23:59:00,92.29,"['1421', '1291']",2025-12-06,2025-10-05
630,5_2025-12-07_2025-10-03,UA,IAH,LAX,2025-12-07 16:30:00,2025-12-07 18:10:00,161.39,['1743'],2025-12-07,2025-10-03
631,5_2025-12-07_2025-10-04,F9,IAH,ONT,2025-12-07 14:25:00,2025-12-07 15:56:00,159.26,['3131'],2025-12-07,2025-10-04
632,5_2025-12-07_2025-10-05,UA,IAH,ONT,2025-12-07 20:00:00,2025-12-07 21:21:00,158.19,['1563'],2025-12-07,2025-10-05
633,5_2025-12-08_2025-10-03,UA,IAH,ONT,2025-12-08 20:00:00,2025-12-08 21:21:00,124.84,['1563'],2025-12-08,2025-10-03
634,5_2025-12-08_2025-10-04,AS,IAH,ONT,2025-12-08 07:35:00,2025-12-08 15:12:00,99.82,"['453', '1118']",2025-12-08,2025-10-04
635,5_2025-12-08_2025-10-05,AS,IAH,LAX,2025-12-08 07:35:00,2025-12-08 15:32:00,92.29,"['453', '1220']",2025-12-08,2025-10-05
636,5_2025-12-09_2025-10-03,UA,IAH,LAX,2025-12-09 07:35:00,2025-12-09 09:27:00,107.64,['2600'],2025-12-09,2025-10-03
637,5_2025-12-09_2025-10-04,AS,IAH,LAX,2025-12-09 17:54:00,2025-12-09 23:59:00,92.29,"['1421', '1291']",2025-12-09,2025-10-04
638,5_2025-12-09_2025-10-05,AS,IAH,LAX,2025-12-09 17:54:00,2025-12-09 23:59:00,92.29,"['1421', '1291']",2025-12-09,2025-10-05
639,5_2025-12-10_2025-10-03,UA,IAH,LAX,2025-12-10 07:35:00,2025-12-10 09:27:00,107.64,['2600'],2025-12-10,2025-10-03
640,5_2025-12-10_2025-10-04,UA,IAH,LAX,2025-12-10 07:35:00,2025-12-10 09:27:00,77.56,['2600'],2025-12-10,2025-10-04
641,5_2025-12-10_2025-10-05,UA,IAH,LAX,2025-12-10 07:35:00,2025-12-10 09:27:00,77.56,['2600'],2025-12-10,2025-10-05
642,5_2025-12-11_2025-10-03,UA,IAH,LAX,2025-12-11 05:42:00,2025-12-11 07:30:00,116.24,['2431'],2025-12-11,2025-10-03
643,5_2025-12-11_2025-10-04,AS,IAH,LAX,2025-12-11 07:35:00,2025-12-11 15:32:00,92.29,"['453', '1220']",2025-12-11,2025-10-04
644,5_2025-12-11_2025-10-05,AS,IAH,ONT,2025-12-11 07:35:00,2025-12-11 15:12:00,99.82,"['453', '1118']",2025-12-11,2025-10-05
645,5_2025-12-12_2025-10-03,UA,IAH,LAX,2025-12-12 05:42:00,2025-12-12 07:30:00,116.24,['2431'],2025-12-12,2025-10-03
646,5_2025-12-12_2025-10-04,F9,IAH,ONT,2025-12-12 14:25:00,2025-12-12 15:56:00,159.26,['3131'],2025-12-12,2025-10-04
647,5_2025-12-12_2025-10-05,UA,IAH,LAX,2025-12-12 05:42:00,2025-12-12 07:30:00,116.26,['2431'],2025-12-12,2025-10-05
648,5_2025-12-13_2025-10-03,UA,IAH,LAX,2025-12-13 14:30:00,2025-12-13 16:15:00,107.64,['1945'],2025-12-13,2025-10-03
649,5_2025-12-13_2025-10-04,AS,IAH,LAX,2025-12-13 17:54:00,2025-12-13 23:59:00,92.29,"['1421', '1291']",2025-12-13,2025-10-04
650,5_2025-12-13_2025-10-05,AS,IAH,ONT,2025-12-13 07:35:00,2025-12-13 15:12:00,136.37,"['453', '1118']",2025-12-13,2025-10-05
651,5_2025-12-14_2025-10-03,F9,IAH,ONT,2025-12-14 14:25:00,2025-12-14 15:56:00,158.17,['3131'],2025-12-14,2025-10-03
652,5_2025-12-14_2025-10-04,UA,IAH,LAX,2025-12-14 16:30:00,2025-12-14 18:10:00,158.19,['1743'],2025-12-14,2025-10-04
653,5_2025-12-14_2025-10-05,F9,IAH,ONT,2025-12-14 14:25:00,2025-12-14 15:56:00,158.19,['3131'],2025-12-14,2025-10-05
654,5_2025-12-15_2025-10-03,UA,IAH,LAX,2025-12-15 19:50:00,2025-12-15 21:36:00,116.24,['2095'],2025-12-15,2025-10-03
655,5_2025-12-15_2025-10-04,AS,IAH,LAX,2025-12-15 17:54:00,2025-12-15 23:59:00,92.29,"['1421', '1291']",2025-12-15,2025-10-04
656,5_2025-12-15_2025-10-05,AS,IAH,LAX,2025-12-15 17:54:00,2025-12-15 23:59:00,92.29,"['1421', '1291']",2025-12-15,2025-10-05
657,5_2025-12-16_2025-10-03,UA,IAH,LAX,2025-12-16 14:30:00,2025-12-16 16:15:00,116.24,['1945'],2025-12-16,2025-10-03
658,5_2025-12-16_2025-10-04,AS,IAH,LAX,2025-12-16 17:54:00,2025-12-16 23:59:00,92.29,"['1421', '1291']",2025-12-16,2025-10-04
659,5_2025-12-16_2025-10-05,AS,IAH,LAX,2025-12-16 17:54:00,2025-12-16 23:59:00,92.29,"['1421', '1291']",2025-12-16,2025-10-05
660,5_2025-12-17_2025-10-03,UA,IAH,LAX,2025-12-17 12:00:00,2025-12-17 13:45:00,161.39,['2460'],2025-12-17,2025-10-03
661,5_2025-12-17_2025-10-04,AS,IAH,ONT,2025-12-17 07:35:00,2025-12-17 15:12:00,99.82,"['453', '1118']",2025-12-17,2025-10-04
662,5_2025-12-17_2025-10-05,UA,IAH,LAX,2025-12-17 16:30:00,2025-12-17 18:10:00,158.19,['1743'],2025-12-17,2025-10-05
663,5_2025-12-18_2025-10-03,UA,IAH,LAX,2025-12-18 12:00:00,2025-12-18 13:45:00,176.44,['2460'],2025-12-18,2025-10-03
664,5_2025-12-18_2025-10-04,UA,IAH,LAX,2025-12-18 12:00:00,2025-12-18 13:45:00,176.46,['2460'],2025-12-18,2025-10-04
665,5_2025-12-18_2025-10-05,UA,IAH,LAX,2025-12-18 12:00:00,2025-12-18 13:45:00,176.46,['2460'],2025-12-18,2025-10-05
666,5_2025-12-19_2025-10-03,AS,IAH,LAX,2025-12-19 07:35:00,2025-12-19 14:40:00,185.79,"['453', '1144']",2025-12-19,2025-10-03
667,5_2025-12-19_2025-10-04,AS,IAH,LAX,2025-12-19 07:35:00,2025-12-19 14:40:00,185.82,"['453', '1144']",2025-12-19,2025-10-04
668,5_2025-12-19_2025-10-05,AS,IAH,LAX,2025-12-19 07:35:00,2025-12-19 14:40:00,185.82,"['453', '1144']",2025-12-19,2025-10-05
669,5_2025-12-20_2025-10-03,AS,IAH,ONT,2025-12-20 07:35:00,2025-12-20 18:17:00,202.38,"['453', '1086']",2025-12-20,2025-10-03
670,5_2025-12-20_2025-10-04,UA,IAH,ONT,2025-12-20 20:00:00,2025-12-20 21:21:00,208.71,['1563'],2025-12-20,2025-10-04
671,5_2025-12-20_2025-10-05,UA,IAH,ONT,2025-12-20 20:00:00,2025-12-20 21:21:00,208.71,['1563'],2025-12-20,2025-10-05
672,5_2025-12-21_2025-10-03,AS,IAH,LAX,2025-12-21 07:35:00,2025-12-21 15:32:00,185.79,"['453', '1220']",2025-12-21,2025-10-03
673,5_2025-12-21_2025-10-04,UA,IAH,LAX,2025-12-21 07:35:00,2025-12-21 09:27:00,213.01,['2600'],2025-12-21,2025-10-04
674,5_2025-12-21_2025-10-05,UA,IAH,LAX,2025-12-21 07:35:00,2025-12-21 09:27:00,213.01,['2600'],2025-12-21,2025-10-05
675,5_2025-12-22_2025-10-03,UA,IAH,LAX,2025-12-22 05:42:00,2025-12-22 07:30:00,176.44,['2431'],2025-12-22,2025-10-03
676,5_2025-12-22_2025-10-04,UA,IAH,LAX,2025-12-22 16:30:00,2025-12-22 18:10:00,202.26,['1743'],2025-12-22,2025-10-04
677,5_2025-12-22_2025-10-05,UA,IAH,LAX,2025-12-22 05:42:00,2025-12-22 07:30:00,176.46,['2431'],2025-12-22,2025-10-05
678,5_2025-12-23_2025-10-03,AS,IAH,LAX,2025-12-23 17:54:00,2025-12-24 08:25:00,193.78,"['1421', '1165']",2025-12-23,2025-10-03
679,5_2025-12-23_2025-10-04,F9,IAH,LAX,2025-12-23 10:56:00,2025-12-23 12:48:00,197.96,['1755'],2025-12-23,2025-10-04
680,5_2025-12-23_2025-10-05,F9,IAH,LAX,2025-12-23 10:56:00,2025-12-23 12:48:00,197.96,['1755'],2025-12-23,2025-10-05
681,5_2025-12-24_2025-10-03,UA,IAH,LAX,2025-12-24 20:10:00,2025-12-24 21:55:00,161.39,['2095'],2025-12-24,2025-10-03
682,5_2025-12-24_2025-10-04,UA,IAH,LAX,2025-12-24 20:10:00,2025-12-24 21:55:00,161.41,['2095'],2025-12-24,2025-10-04
683,5_2025-12-24_2025-10-05,AS,IAH,ONT,2025-12-24 07:35:00,2025-12-24 15:12:00,136.37,"['453', '1118']",2025-12-24,2025-10-05
684,5_2025-12-25_2025-10-03,F9,IAH,LAX,2025-12-25 10:56:00,2025-12-25 12:48:00,163.54,['1755'],2025-12-25,2025-10-03
685,5_2025-12-25_2025-10-04,UA,IAH,LAX,2025-12-25 14:30:00,2025-12-25 16:15:00,161.41,['1945'],2025-12-25,2025-10-04
686,5_2025-12-25_2025-10-05,UA,IAH,LAX,2025-12-25 05:42:00,2025-12-25 07:30:00,161.41,['2431'],2025-12-25,2025-10-05
687,5_2025-12-26_2025-10-03,AS,IAH,LAX,2025-12-26 07:35:00,2025-12-26 15:32:00,185.79,"['453', '1220']",2025-12-26,2025-10-03
688,5_2025-12-26_2025-10-04,AS,IAH,ONT,2025-12-26 18:55:00,2025-12-27 15:12:00,219.62,"['439', '1118']",2025-12-26,2025-10-04
689,5_2025-12-26_2025-10-05,AS,IAH,ONT,2025-12-26 18:55:00,2025-12-27 15:12:00,219.62,"['439', '1118']",2025-12-26,2025-10-05
690,5_2025-12-27_2025-10-03,AS,IAH,ONT,2025-12-27 07:35:00,2025-12-27 18:17:00,202.38,"['453', '1086']",2025-12-27,2025-10-03
691,5_2025-12-27_2025-10-04,UA,IAH,ONT,2025-12-27 20:00:00,2025-12-27 21:21:00,208.71,['1563'],2025-12-27,2025-10-04
692,5_2025-12-27_2025-10-05,UA,IAH,ONT,2025-12-27 20:00:00,2025-12-27 21:21:00,208.71,['1563'],2025-12-27,2025-10-05
693,5_2025-12-28_2025-10-03,AS,IAH,ONT,2025-12-28 07:35:00,2025-12-28 18:17:00,227.11,"['453', '1086']",2025-12-28,2025-10-03
694,5_2025-12-28_2025-10-04,AS,IAH,ONT,2025-12-28 18:55:00,2025-12-29 15:12:00,228.22,"['439', '1118']",2025-12-28,2025-10-04
695,5_2025-12-28_2025-10-05,AS,IAH,ONT,2025-12-28 18:55:00,2025-12-29 15:12:00,228.22,"['439', '1118']",2025-12-28,2025-10-05
696,5_2025-12-29_2025-10-03,AS,IAH,LAX,2025-12-29 07:35:00,2025-12-29 14:40:00,185.79,"['453', '1144']",2025-12-29,2025-10-03
697,5_2025-12-29_2025-10-04,AS,IAH,ONT,2025-12-29 18:55:00,2025-12-30 10:39:00,219.62,"['439', '1254']",2025-12-29,2025-10-04
698,5_2025-12-29_2025-10-05,AS,IAH,LAX,2025-12-29 18:55:00,2025-12-30 08:44:00,219.62,"['439', '1316']",2025-12-29,2025-10-05
699,5_2025-12-30_2025-10-03,AS,IAH,ONT,2025-12-30 18:55:00,2025-12-31 15:12:00,202.38,"['439', '1118']",2025-12-30,2025-10-03
700,5_2025-12-30_2025-10-04,UA,IAH,LAX,2025-12-30 07:35:00,2025-12-30 09:27:00,202.26,['2600'],2025-12-30,2025-10-04
701,5_2025-12-30_2025-10-05,AS,IAH,ONT,2025-12-30 07:35:00,2025-12-30 18:17:00,202.42,"['453', '1086']",2025-12-30,2025-10-05
702,5_2025-12-31_2025-10-03,UA,IAH,LAX,2025-12-31 20:10:00,2025-12-31 21:55:00,161.39,['2095'],2025-12-31,2025-10-03
703,5_2025-12-31_2025-10-04,UA,IAH,LAX,2025-12-31 20:10:00,2025-12-31 21:55:00,161.41,['2095'],2025-12-31,2025-10-04
704,5_2025-12-31_2025-10-05,UA,IAH,LAX,2025-12-31 12:00:00,2025-12-31 13:45:00,161.41,['2460'],2025-12-31,2025-10-05
